match_id,user_a_id,user_b_id,matched_at,source_interest_id
1,759,1994,2025-05-16 01:46:02,2
2,561,751,2025-12-02 16:10:09,7
3,300,1277,2026-02-03 11:26:15,9
4,427,1850,2025-04-05 19:53:23,14
5,31,777,2025-04-02 03:33:54,15
6,1713,1832,2025-07-04 09:01:24,19
7,739,765,2026-04-17 03:31:59,22
8,366,789,2025-10-05 06:07:26,25
9,736,1366,2026-01-04 22:53:02,27
10,1016,1246,2025-06-06 21:03:18,30
11,96,1353,2025-11-09 09:55:09,35
12,1174,1733,2025-05-26 03:53:42,36
13,657,932,2024-08-28 00:12:28,38
14,54,1791,2025-09-18 07:19:31,39
15,653,1440,2026-01-06 10:08:49,40
16,115,1415,2026-04-25 11:54:41,46
17,835,1052,2025-10-23 18:24:59,49
18,842,1337,2026-04-13 16:00:57,60
19,378,1776,2026-01-08 04:29:12,71
20,553,784,2023-10-12 13:44:21,72
21,29,1104,2026-04-16 08:01:13,78
22,691,1301,2026-02-11 10:54:18,80
23,372,1344,2025-03-24 13:55:37,86
24,1119,1508,2024-03-25 21:40:46,89
25,201,1297,2026-05-18 14:19:49,90
26,1491,1501,2024-06-29 12:00:23,93
27,761,1442,2026-04-06 19:05:06,94
28,534,1343,2026-06-10 12:02:44,95
29,1024,1773,2025-07-17 20:12:49,103
30,310,1149,2026-02-14 04:27:15,104
31,81,120,2026-03-21 23:48:06,109
32,242,1458,2026-02-19 18:53:07,112
33,601,1684,2026-06-06 16:03:27,113
34,150,468,2025-12-11 23:53:26,118
35,875,1844,2025-08-28 01:32:46,120
36,469,607,2026-02-08 05:27:24,121
37,785,1381,2025-03-05 23:29:41,124
38,1103,1911,2025-09-21 22:14:47,127
39,698,1999,2026-02-19 18:26:26,129
40,1879,1995,2026-04-27 16:13:00,132
41,1017,1852,2025-09-30 21:29:45,133
42,614,1419,2024-03-06 08:17:14,134
43,874,1011,2025-09-17 09:57:12,136
44,288,707,2026-04-15 21:00:45,140
45,391,1931,2026-02-06 12:29:06,143
46,414,669,2026-02-27 02:19:18,149
47,339,1926,2026-04-16 16:39:54,151
48,1516,1681,2026-05-15 19:21:32,153
49,512,1869,2026-06-07 23:56:22,161
50,225,1861,2025-01-05 23:24:20,162
51,1263,1458,2025-11-12 12:28:44,163
52,190,719,2025-08-29 22:18:54,171
53,266,1270,2025-10-03 06:22:22,173
54,56,1260,2025-11-04 14:24:47,175
55,413,1787,2023-11-05 01:52:17,186
56,336,1770,2026-04-13 04:15:26,189
57,151,1917,2026-02-20 05:07:51,191
58,1527,1728,2026-05-09 04:35:38,194
59,501,1683,2025-07-16 15:35:02,210
60,649,1481,2025-09-12 12:38:50,214
61,1386,1948,2026-02-10 20:19:04,217
62,619,1238,2023-10-26 13:22:04,218
63,225,1709,2024-10-28 11:31:58,221
64,774,968,2025-08-26 02:37:13,223
65,842,1910,2025-12-21 14:46:15,224
66,899,1606,2025-04-06 23:20:19,225
67,134,853,2025-10-25 00:50:18,228
68,252,1614,2024-10-22 20:39:05,229
69,724,1710,2026-04-16 02:31:48,231
70,154,207,2025-08-17 05:25:08,233
71,717,764,2025-07-22 09:35:00,237
72,1289,1845,2025-03-25 06:36:53,241
73,1562,1864,2026-03-10 21:35:46,245
74,558,1310,2026-06-07 10:26:41,251
75,33,1740,2026-04-11 21:08:20,253
76,776,1060,2025-01-12 19:31:49,260
77,1782,1810,2026-04-26 14:20:04,261
78,494,1586,2026-06-05 18:55:06,266
79,80,735,2026-01-04 06:05:32,268
80,163,1583,2026-01-12 19:50:20,270
81,889,1597,2026-02-09 13:33:34,272
82,819,1736,2025-09-20 05:38:36,276
83,543,1071,2025-07-25 16:41:22,282
84,896,1059,2025-12-29 10:35:04,283
85,637,1539,2026-02-05 18:04:06,285
86,1601,1725,2026-02-26 18:00:02,294
87,585,873,2026-04-30 23:20:50,295
88,58,549,2026-01-12 03:51:49,297
89,229,1707,2025-11-08 07:08:16,299
90,65,1755,2025-10-25 20:08:45,302
91,1573,1826,2026-01-27 08:12:38,303
92,546,942,2025-10-12 12:52:17,309
93,1145,1151,2026-01-03 00:15:47,311
94,615,724,2026-03-19 19:14:47,316
95,851,1417,2026-01-31 12:57:13,320
96,1545,1805,2026-01-15 18:41:48,322
97,127,1710,2026-04-11 11:48:39,334
98,203,1044,2026-06-11 08:07:31,338
99,1401,1427,2026-01-30 21:51:32,339
100,633,1467,2026-04-11 17:01:48,342
101,461,798,2025-10-15 17:40:17,346
102,838,1005,2026-04-06 18:53:32,358
103,1081,1896,2026-04-24 08:05:46,359
104,72,473,2026-01-17 16:04:54,361
105,639,1955,2025-11-22 03:35:46,363
106,431,1681,2026-03-26 11:13:05,367
107,138,1434,2026-01-07 13:25:04,368
108,327,1421,2026-05-18 11:27:37,369
109,487,1648,2026-02-25 18:01:42,373
110,341,858,2026-01-13 14:45:35,374
111,486,1341,2026-04-11 11:37:53,378
112,1011,1876,2026-01-30 14:44:20,379
113,1115,1164,2025-09-30 06:30:36,385
114,500,1260,2024-01-11 05:41:46,391
115,767,770,2024-07-22 04:52:15,398
116,31,178,2025-09-27 02:37:01,400
117,873,1656,2023-12-15 06:47:55,405
118,437,1720,2025-05-10 01:40:44,407
119,1234,1259,2026-03-27 03:58:38,412
120,40,979,2024-11-22 08:13:02,415
121,860,1833,2025-05-09 14:32:23,418
122,1665,1913,2026-02-12 14:25:54,419
123,177,825,2026-06-03 23:01:11,423
124,242,347,2025-11-13 10:49:41,426
125,207,1125,2026-05-14 10:42:38,427
126,228,1253,2025-06-29 09:25:16,428
127,489,1104,2025-07-02 18:48:57,430
128,550,838,2026-04-26 11:56:56,432
129,909,1446,2025-04-06 20:50:56,437
130,1108,1381,2026-02-17 00:26:50,447
131,383,988,2025-09-23 06:47:42,457
132,429,1194,2026-05-08 12:41:21,459
133,234,235,2025-08-28 15:26:22,461
134,742,982,2026-03-31 12:52:10,471
135,631,777,2026-01-22 04:33:29,473
136,261,1481,2024-09-03 11:40:55,482
137,1050,1579,2026-05-14 23:59:47,485
138,767,1751,2024-03-05 02:38:38,487
139,655,1338,2024-10-08 13:16:47,490
140,756,1249,2024-11-14 09:45:02,493
141,91,931,2026-05-15 13:02:55,496
142,334,508,2026-04-28 15:33:03,497
143,578,1849,2025-06-18 04:16:50,499
144,380,1814,2026-01-11 15:08:04,501
145,579,1307,2025-10-05 23:47:38,502
146,453,1606,2025-09-28 14:45:19,508
147,972,1908,2026-01-08 06:29:46,509
148,1012,1516,2026-05-07 08:27:42,510
149,1014,1938,2026-01-01 20:15:47,515
150,379,511,2026-04-15 15:54:27,516
151,840,1090,2026-05-23 18:03:47,518
152,647,1710,2026-04-14 13:52:47,519
153,183,733,2026-04-21 07:45:28,525
154,602,607,2025-01-22 16:24:45,528
155,1318,1924,2025-11-14 20:57:37,532
156,592,747,2026-03-13 15:27:43,533
157,921,1162,2025-10-18 13:33:38,534
158,527,647,2025-12-17 12:35:10,535
159,395,1072,2026-01-09 11:20:28,536
160,325,1583,2025-09-27 08:52:08,538
161,220,1374,2025-06-21 06:42:10,540
162,50,407,2025-07-20 00:08:12,546
163,134,1107,2026-06-07 19:02:39,550
164,330,828,2025-06-11 17:22:41,555
165,77,426,2026-04-20 08:21:53,556
166,456,1164,2025-10-05 11:10:30,566
167,11,238,2026-01-26 07:48:18,567
168,680,1524,2026-03-14 22:01:30,568
169,415,682,2025-07-28 05:43:10,570
170,839,1829,2026-06-07 09:15:30,578
171,768,1290,2026-02-22 22:44:04,579
172,119,175,2026-04-18 18:21:54,580
173,1552,1650,2025-12-26 08:26:25,581
174,233,450,2025-08-01 03:24:01,583
175,503,520,2026-05-16 08:29:25,585
176,778,1033,2025-06-15 15:53:43,586
177,1362,1515,2025-06-21 12:12:58,587
178,372,1832,2026-05-29 14:16:27,588
179,1791,1866,2026-01-21 02:32:56,591
180,254,697,2025-05-27 11:22:52,594
181,434,1257,2025-02-16 20:56:46,603
182,1662,1905,2026-01-20 19:11:45,612
183,62,1941,2024-04-22 11:46:54,613
184,567,722,2026-06-02 16:37:55,614
185,109,1807,2026-05-26 01:53:19,617
186,908,1314,2025-09-17 03:34:08,624
187,1545,1785,2025-09-13 22:23:29,625
188,532,1145,2025-10-09 09:51:53,626
189,755,1336,2024-07-31 01:37:38,630
190,1262,1728,2025-10-11 01:52:35,633
191,203,1733,2025-12-07 13:32:06,635
192,1192,1653,2026-03-23 19:40:30,639
193,393,1567,2026-05-16 12:39:15,645
194,52,1602,2025-11-28 01:02:00,647
195,951,1403,2026-02-28 18:59:21,649
196,1397,1570,2025-11-19 05:10:27,655
197,381,1441,2026-03-25 17:49:41,657
198,658,850,2025-03-29 15:31:49,665
199,317,1079,2025-10-29 22:43:38,668
200,191,1693,2026-02-08 15:23:07,670
201,409,467,2025-12-05 13:44:56,672
202,392,1931,2025-11-22 15:33:44,674
203,71,811,2026-05-20 18:00:21,679
204,1598,1800,2024-11-08 13:25:15,684
205,1328,1686,2025-10-30 22:51:57,685
206,38,243,2026-05-24 04:40:13,688
207,620,1478,2025-12-23 16:51:40,692
208,227,300,2026-06-08 13:25:06,697
209,357,1374,2025-10-24 06:36:01,700
210,224,1252,2025-12-25 02:03:08,702
211,194,1622,2026-01-29 07:40:16,708
212,941,1877,2026-06-07 12:18:13,713
213,1157,1739,2026-01-14 10:33:41,718
214,709,904,2025-10-17 12:14:44,719
215,440,946,2025-07-29 01:20:09,723
216,177,1729,2026-02-05 09:48:55,724
217,519,1209,2026-04-09 05:00:30,730
218,1276,1603,2026-05-30 16:49:52,738
219,960,1946,2026-05-13 18:31:21,741
220,643,857,2026-05-10 03:30:31,745
221,1273,1285,2026-02-04 17:04:05,747
222,591,1599,2026-03-21 06:18:02,750
223,1405,1961,2026-04-16 03:16:21,752
224,557,1434,2024-06-18 19:08:56,757
225,1799,1881,2023-11-28 11:48:15,759
226,769,1352,2026-05-27 21:06:51,761
227,743,814,2026-03-21 18:19:22,764
228,459,1357,2026-05-25 17:48:41,765
229,602,1372,2024-08-25 18:05:18,775
230,810,1947,2025-08-25 23:50:10,776
231,1219,1855,2026-01-29 08:09:03,777
232,1207,1713,2025-06-13 00:40:16,778
233,1097,1287,2026-04-10 02:50:49,779
234,1646,1715,2025-04-16 21:41:37,781
235,147,1219,2025-06-29 17:40:42,784
236,1045,1987,2026-01-21 03:55:04,786
237,1263,1264,2025-07-19 21:46:50,793
238,587,1327,2025-10-28 04:56:06,794
239,1229,1636,2026-04-10 17:26:19,795
240,665,1825,2025-09-07 09:17:23,806
241,594,1842,2026-04-04 11:06:02,811
242,950,1439,2025-11-07 08:09:19,813
243,278,638,2024-08-05 22:54:19,819
244,13,1718,2026-05-26 17:11:21,821
245,1013,1048,2026-01-24 16:31:24,822
246,46,1643,2026-06-10 00:11:28,825
247,515,675,2025-07-12 14:31:37,827
248,916,1286,2026-03-30 19:54:00,833
249,64,75,2026-06-10 17:55:24,837
250,876,1159,2026-06-10 08:56:55,839
251,290,1680,2025-03-21 20:49:18,843
252,838,1893,2026-05-02 17:37:58,844
253,1019,1054,2026-05-16 18:55:41,845
254,705,1628,2025-10-19 06:54:07,848
255,6,266,2025-02-18 21:01:38,849
256,599,1008,2026-02-06 12:59:44,850
257,1085,1496,2026-02-24 04:04:10,851
258,742,1821,2025-05-28 04:55:14,853
259,1036,1254,2026-04-24 19:17:06,854
260,494,895,2026-04-27 03:27:50,857
261,824,1730,2025-11-18 09:54:58,859
262,110,1158,2026-02-10 19:08:01,860
263,486,996,2026-05-24 19:25:42,870
264,351,1253,2026-03-24 15:43:45,872
265,296,749,2026-03-14 07:20:05,876
266,304,468,2026-01-30 22:35:44,877
267,881,1800,2024-02-03 05:18:50,881
268,331,1441,2025-12-06 07:44:30,884
269,1140,1383,2026-02-26 07:48:59,885
270,378,417,2024-07-12 21:51:35,896
271,1314,1587,2026-06-08 11:39:44,901
272,1225,1447,2026-03-14 17:45:46,906
273,1059,1088,2024-12-22 22:15:31,907
274,39,849,2026-03-30 08:03:42,916
275,1342,1414,2025-05-28 05:47:10,917
276,424,1133,2024-07-07 07:31:12,919
277,1145,1476,2026-02-06 09:34:33,920
278,1744,1755,2026-05-01 14:54:31,921
279,1438,1905,2026-04-03 09:08:26,923
280,1306,1477,2024-08-29 16:40:32,927
281,1237,1619,2025-11-18 19:07:30,929
282,589,1972,2025-10-19 00:40:49,932
283,305,1021,2026-03-11 08:41:03,934
284,1694,1993,2026-04-26 21:06:15,935
285,313,708,2026-03-13 04:18:13,937
286,121,1810,2026-03-16 21:46:59,944
287,1037,1234,2025-05-22 12:30:59,946
288,1278,1417,2026-06-08 05:51:49,948
289,373,1022,2025-01-01 18:08:57,956
290,759,930,2026-04-16 01:36:38,957
291,734,1088,2024-08-25 06:28:42,958
292,733,1343,2026-05-24 00:03:27,960
293,295,799,2024-01-04 15:29:57,962
294,831,1784,2026-01-02 09:00:00,963
295,519,1559,2026-03-23 04:06:59,969
296,614,706,2026-06-08 19:34:21,973
297,15,888,2025-12-01 11:35:11,977
298,336,1282,2025-07-29 10:42:29,978
299,376,1514,2025-10-30 14:37:54,980
300,107,1989,2025-07-16 08:59:29,981
301,1157,1183,2026-02-22 02:06:10,985
302,883,904,2025-03-06 10:18:59,993
303,494,1928,2026-04-28 06:14:05,994
304,828,1033,2026-04-25 00:50:43,995
305,746,838,2026-05-20 10:31:19,996
306,112,1305,2026-06-11 11:56:12,1004
307,714,1064,2025-08-01 03:13:33,1013
308,1039,1249,2026-05-10 09:12:50,1014
309,250,1860,2026-06-10 01:46:28,1015
310,832,1810,2025-12-05 08:46:34,1025
311,593,949,2025-05-18 18:11:44,1026
312,513,969,2026-06-10 05:56:04,1029
313,259,1092,2026-05-27 17:42:14,1032
314,1701,1790,2025-12-24 02:05:03,1033
315,93,763,2026-06-10 04:07:05,1037
316,422,1574,2026-03-20 02:01:27,1038
317,204,1875,2025-10-05 08:15:54,1039
318,461,695,2023-09-16 23:57:24,1040
319,1567,1792,2026-05-26 08:03:58,1044
320,612,1199,2025-08-01 08:52:11,1050
321,828,1327,2026-03-19 07:05:47,1051
322,12,485,2026-06-03 04:30:07,1054
323,430,969,2026-05-29 23:27:15,1055
324,174,1477,2026-05-04 22:17:19,1056
325,1507,1878,2026-04-03 08:11:59,1059
326,1685,1981,2025-12-26 13:40:47,1060
327,1025,1674,2026-05-26 23:02:56,1061
328,583,897,2025-10-02 19:46:20,1063
329,280,1831,2026-04-20 18:03:09,1083
330,26,1117,2025-04-11 20:03:57,1084
331,171,795,2024-03-26 04:34:39,1091
332,350,519,2026-04-21 01:25:35,1092
333,835,1047,2025-09-30 07:17:22,1094
334,793,948,2026-06-06 20:34:36,1099
335,141,613,2026-06-04 01:36:17,1100
336,31,1312,2026-05-14 13:58:08,1109
337,616,838,2026-05-06 07:33:19,1120
338,1348,1499,2025-06-29 03:44:27,1121
339,849,1011,2025-06-14 01:01:11,1125
340,957,1343,2026-06-09 16:20:38,1127
341,919,1351,2026-04-01 00:28:49,1128
342,1000,1492,2025-11-22 19:29:40,1129
343,1381,1978,2026-04-25 13:24:16,1130
344,741,1949,2025-07-03 03:12:37,1131
345,85,1263,2024-10-20 04:33:28,1133
346,1266,1774,2026-05-03 10:18:50,1134
347,132,1572,2024-11-22 08:19:56,1137
348,488,1553,2026-03-27 21:44:42,1139
349,1242,1722,2025-10-20 11:11:35,1141
350,155,1262,2026-05-23 14:56:51,1143
351,261,1923,2025-12-30 03:27:28,1144
352,253,1639,2024-12-20 20:00:33,1145
353,294,1416,2025-11-14 18:34:10,1150
354,514,1842,2026-05-27 20:00:15,1151
355,420,770,2025-05-07 03:35:31,1152
356,830,1493,2026-03-16 20:09:20,1160
357,499,1234,2025-11-27 22:23:47,1169
358,774,1833,2026-03-21 21:18:44,1174
359,762,796,2025-11-14 01:37:12,1186
360,1567,1934,2025-05-28 04:55:11,1187
361,1560,1575,2026-06-10 22:25:42,1191
362,955,1353,2026-02-07 04:16:05,1192
363,49,1948,2023-11-03 20:20:51,1194
364,1211,1760,2025-03-28 10:02:35,1198
365,1141,1398,2025-06-04 04:32:55,1204
366,792,1038,2026-04-12 01:12:58,1206
367,43,816,2026-05-28 08:49:25,1211
368,584,1637,2025-11-23 20:51:58,1213
369,134,1413,2026-02-05 06:57:28,1217
370,1114,1839,2026-05-31 05:48:42,1218
371,1402,1954,2026-02-18 15:05:29,1219
372,1112,1320,2025-08-23 20:38:03,1220
373,1144,1614,2024-07-21 06:26:14,1227
374,676,958,2026-04-13 12:40:18,1228
375,121,1854,2026-05-14 23:48:06,1229
376,644,1235,2025-11-16 17:20:09,1234
377,432,931,2026-05-27 16:10:34,1235
378,1408,1492,2025-12-24 04:56:33,1236
379,583,829,2026-05-21 23:46:39,1237
380,233,852,2025-07-19 18:10:00,1238
381,563,1829,2026-05-11 08:45:08,1251
382,34,675,2026-01-09 14:50:06,1253
383,68,673,2026-06-08 11:07:29,1254
384,527,838,2026-05-26 10:26:24,1255
385,776,1017,2025-04-03 09:57:37,1267
386,17,887,2026-04-05 23:32:36,1273
387,543,948,2026-06-05 23:43:30,1276
388,687,1698,2026-06-08 03:29:51,1277
389,1078,1863,2026-06-03 20:48:55,1278
390,575,1677,2026-04-30 10:55:53,1280
391,294,1366,2025-09-02 06:53:12,1283
392,604,1492,2026-05-05 19:35:57,1285
393,1548,1600,2025-10-22 16:43:57,1293
394,287,1312,2026-05-31 17:54:09,1294
395,1131,1888,2026-02-14 15:14:11,1296
396,1223,1664,2026-05-02 15:22:06,1300
397,1463,1773,2024-03-22 20:05:59,1307
398,281,678,2024-08-03 13:01:16,1308
399,1423,1459,2024-01-27 06:52:23,1311
400,253,604,2026-05-17 11:21:41,1312
401,401,1428,2026-04-30 05:51:13,1320
402,143,1703,2026-06-03 01:46:13,1321
403,130,1046,2026-01-30 10:17:52,1323
404,625,955,2026-04-30 19:30:57,1333
405,1555,1592,2026-04-13 19:47:09,1335
406,447,1908,2025-08-23 00:48:54,1337
407,577,951,2025-12-18 21:56:57,1350
408,1076,1902,2026-06-09 03:18:07,1351
409,308,1317,2026-05-01 09:51:21,1358
410,332,358,2026-03-24 22:04:40,1359
411,626,1050,2026-04-10 04:03:46,1363
412,1071,1785,2025-10-29 02:51:27,1364
413,770,1534,2024-11-09 02:24:43,1370
414,380,458,2026-03-27 12:16:36,1372
415,250,1607,2026-06-06 18:04:41,1378
416,74,1704,2026-06-10 09:58:02,1380
417,16,1018,2025-04-27 02:54:29,1386
418,133,1906,2025-12-11 13:38:58,1387
419,302,1808,2026-03-21 02:19:17,1388
420,831,1530,2026-06-10 12:26:33,1390
421,752,1016,2025-03-29 13:32:58,1391
422,1670,1988,2024-08-16 17:17:20,1393
423,338,687,2025-06-16 06:21:40,1397
424,517,1814,2026-04-11 16:36:37,1402
425,876,1256,2026-06-09 09:10:08,1403
426,1048,1185,2025-03-23 17:45:59,1406
427,1404,1957,2026-04-16 23:40:00,1407
428,1483,1818,2025-09-15 15:41:37,1408
429,328,1397,2025-03-21 16:06:46,1410
430,1530,1622,2026-02-14 11:41:14,1415
431,828,1886,2025-09-27 14:58:34,1417
432,721,968,2025-11-03 00:30:47,1418
433,467,690,2026-02-14 00:32:12,1420
434,433,1501,2026-06-01 10:54:28,1421
435,260,783,2026-03-02 08:36:00,1422
436,696,880,2025-05-13 19:39:47,1430
437,1390,1925,2025-06-28 18:42:18,1438
438,389,626,2024-09-19 17:37:16,1439
439,1134,1416,2026-02-06 12:38:03,1441
440,477,1506,2026-05-15 05:16:02,1445
441,1029,1588,2025-12-30 06:52:26,1447
442,992,1190,2025-11-25 23:49:28,1454
443,906,1597,2026-02-24 00:12:02,1455
444,245,1073,2026-03-18 14:13:20,1462
445,626,1227,2025-04-18 07:34:57,1463
446,575,771,2026-05-18 01:26:38,1464
447,367,592,2026-01-21 06:02:46,1468
448,984,1152,2026-02-14 18:44:59,1470
449,770,1623,2026-03-25 07:20:23,1473
450,683,716,2025-03-12 14:44:20,1476
451,529,636,2026-06-07 20:36:48,1480
452,700,1312,2026-06-08 16:08:05,1482
453,707,1829,2026-06-08 07:13:00,1487
454,280,1812,2026-05-25 20:39:03,1497
455,248,702,2024-06-30 10:23:21,1500
456,1461,1569,2024-05-18 20:18:21,1502
457,1650,1928,2025-07-03 12:43:47,1505
458,1525,1802,2025-05-31 11:29:16,1507
459,1156,1857,2026-04-04 10:11:39,1511
460,1348,1824,2025-05-14 10:36:23,1514
461,36,1807,2025-09-11 07:07:48,1515
462,576,1397,2026-04-14 17:06:53,1516
463,412,1521,2026-01-10 19:11:49,1517
464,38,1233,2025-12-17 12:15:43,1523
465,171,1446,2026-01-01 01:21:59,1530
466,632,1112,2026-06-09 00:50:20,1537
467,488,1075,2026-06-10 12:25:40,1540
468,1873,1954,2026-03-21 10:55:48,1541
469,1333,1390,2025-09-28 23:23:05,1544
470,1448,1926,2026-04-19 20:46:48,1555
471,195,1624,2025-01-08 20:05:20,1556
472,447,1492,2025-05-07 22:52:41,1559
473,481,1011,2026-04-15 23:52:11,1560
474,227,1443,2026-06-02 03:50:35,1562
475,1295,1882,2026-06-01 22:57:09,1568
476,949,1553,2025-10-18 21:02:58,1570
477,1290,1580,2026-03-25 15:04:35,1575
478,1242,1741,2025-06-09 02:34:35,1581
479,333,1750,2026-05-23 01:05:24,1582
480,81,1112,2026-03-23 06:03:34,1583
481,515,979,2026-05-12 00:56:43,1584
482,950,1979,2026-01-27 22:55:21,1586
483,1462,1777,2026-04-03 21:20:46,1587
484,492,1199,2026-06-05 01:22:36,1588
485,1314,1675,2024-07-08 09:30:56,1593
486,250,1951,2026-06-07 00:53:39,1597
487,1109,1829,2026-06-03 02:33:52,1604
488,1567,1694,2025-09-06 08:00:30,1608
489,915,1312,2026-06-07 10:42:40,1615
490,166,237,2026-06-05 13:14:09,1617
491,647,875,2025-06-06 08:51:49,1618
492,1575,1998,2025-06-14 17:07:35,1625
493,733,1895,2026-06-06 04:04:00,1627
494,84,338,2026-05-21 14:31:18,1628
495,462,894,2026-02-13 12:03:40,1637
496,813,1048,2024-12-02 08:16:51,1642
497,1165,1692,2026-06-10 11:24:11,1647
498,1204,1958,2026-05-10 04:19:30,1652
499,1220,1600,2026-04-28 05:38:39,1658
500,1341,1924,2026-02-18 04:40:59,1664
501,502,774,2026-05-09 23:06:16,1665
502,1631,1681,2026-04-23 07:47:23,1666
503,192,1595,2025-04-29 03:59:51,1671
504,237,1584,2026-05-28 16:24:49,1674
505,364,1722,2025-06-16 17:18:23,1675
506,854,1905,2025-12-03 03:15:07,1678
507,561,1242,2025-05-17 04:53:48,1679
508,667,1030,2025-06-05 13:10:45,1693
509,704,1572,2026-03-01 03:35:36,1694
510,253,394,2025-05-22 13:10:49,1695
511,11,1606,2026-03-17 06:18:41,1705
512,574,824,2025-12-24 16:50:09,1706
513,1705,1814,2024-12-13 23:00:44,1709
514,1159,1280,2026-05-17 12:06:55,1712
515,19,578,2026-01-05 01:23:17,1714
516,96,568,2026-06-08 23:01:34,1719
517,225,1369,2026-05-08 15:43:51,1729
518,1663,1846,2024-11-04 21:22:13,1731
519,491,815,2026-02-21 02:40:15,1734
520,452,724,2026-06-06 19:11:16,1736
521,1327,1638,2025-09-01 10:53:31,1737
522,178,1911,2025-09-07 07:37:12,1739
523,833,917,2026-01-04 11:45:53,1744
524,26,770,2025-05-17 16:58:03,1749
525,1161,1407,2026-03-12 15:23:48,1752
526,569,1759,2025-08-23 17:06:09,1755
527,1572,1667,2025-04-20 17:36:11,1757
528,874,1810,2026-06-08 21:00:39,1762
529,1175,1558,2025-08-06 01:08:26,1769
530,582,1020,2025-11-11 15:42:14,1772
531,769,982,2026-03-25 23:11:26,1783
532,875,1953,2025-09-15 20:15:57,1786
533,351,1713,2024-11-19 14:44:52,1787
534,779,1726,2026-05-22 12:41:07,1791
535,570,1230,2026-03-22 00:34:11,1800
536,67,1177,2026-05-07 15:59:44,1801
537,1111,1616,2026-03-26 08:55:54,1805
538,221,1300,2026-01-27 11:39:12,1806
539,1317,1967,2026-06-01 22:42:57,1808
540,260,273,2026-02-07 12:32:03,1809
541,1727,1802,2026-05-05 14:19:17,1817
542,452,628,2025-09-09 12:18:57,1819
543,613,1355,2026-05-19 12:32:53,1827
544,789,1249,2025-11-28 23:24:51,1828
545,637,1990,2026-04-11 20:27:38,1829
546,1249,1322,2026-02-15 17:43:32,1830
547,216,950,2026-06-08 01:34:37,1832
548,1602,1931,2026-02-03 09:58:08,1838
549,1099,1977,2026-06-11 02:08:23,1839
550,273,1041,2026-04-04 13:29:22,1842
551,178,1352,2025-11-01 18:04:34,1845
552,114,1036,2026-03-06 17:58:53,1847
553,453,1429,2025-01-01 18:48:39,1858
554,596,1628,2025-12-27 19:02:33,1865
555,34,1779,2026-02-04 02:24:53,1866
556,1950,1977,2026-02-27 16:08:31,1869
557,1567,1766,2025-08-26 19:04:35,1870
558,372,1802,2026-05-04 13:40:04,1873
559,928,1645,2026-05-26 01:29:10,1879
560,1076,1737,2026-05-22 13:56:36,1883
561,684,1698,2026-05-09 11:43:45,1887
562,297,907,2026-05-07 01:33:11,1897
563,347,1771,2026-06-10 10:53:57,1898
564,639,918,2026-03-12 02:41:43,1899
565,259,1576,2025-10-20 03:34:20,1903
566,927,1919,2024-11-08 15:34:28,1904
567,967,1936,2026-05-17 17:16:17,1907
568,1177,1228,2026-05-19 06:38:14,1908
569,260,1448,2026-04-24 02:13:05,1911
570,476,1893,2026-04-21 21:39:37,1913
571,485,1726,2026-05-30 17:31:12,1914
572,23,960,2024-10-04 18:41:48,1915
573,1272,1436,2024-06-22 16:39:07,1919
574,1071,1408,2025-10-03 04:41:33,1920
575,1354,1532,2026-05-29 00:40:56,1922
576,908,958,2025-10-18 20:52:07,1945
577,326,928,2026-06-03 05:12:22,1946
578,1362,1939,2026-05-25 03:04:27,1947
579,93,597,2026-04-10 10:25:20,1949
580,1186,1280,2026-06-10 04:58:00,1950
581,163,1004,2026-06-07 16:50:50,1953
582,171,1554,2026-02-18 04:23:53,1956
583,120,461,2026-05-21 03:01:30,1957
584,28,256,2026-05-18 14:11:29,1971
585,252,798,2026-05-22 12:04:39,1972
586,111,1617,2025-05-15 05:35:23,1977
587,52,1224,2025-09-14 06:53:59,1983
588,376,550,2024-07-23 14:52:24,1985
589,741,1529,2025-10-24 11:52:47,1989
590,717,1234,2023-12-10 10:18:47,1992
591,481,507,2026-06-02 18:46:05,1993
592,192,781,2026-01-22 12:14:39,1995
593,76,358,2026-02-17 19:38:08,1996
594,1112,1159,2026-05-26 02:02:21,1999
595,1214,1641,2026-06-06 15:56:46,2001
596,1073,1528,2026-04-24 06:30:23,2003
597,801,1103,2024-07-23 23:26:16,2004
598,755,1310,2025-12-29 23:35:29,2006
599,30,1305,2026-05-10 07:27:32,2011
600,747,1255,2025-11-29 14:55:58,2012
601,116,1721,2025-09-28 00:51:46,2019
602,924,1439,2026-03-26 00:53:12,2020
603,189,369,2024-05-04 01:37:19,2024
604,168,751,2026-02-17 03:55:14,2025
605,1307,1323,2026-01-02 12:00:12,2027
606,876,1683,2026-06-08 05:49:44,2032
607,1245,1831,2026-01-03 17:58:00,2036
608,122,1265,2026-04-13 10:21:55,2043
609,1285,1554,2026-02-24 04:45:17,2048
610,402,1567,2025-10-03 19:18:59,2058
611,200,374,2026-02-28 22:01:01,2060
612,906,1693,2025-11-20 07:59:49,2068
613,1414,1855,2025-09-13 04:34:02,2075
614,545,1369,2026-03-05 03:21:06,2076
615,1269,1891,2026-04-28 04:16:48,2077
616,596,1882,2026-05-10 10:47:38,2078
617,29,1436,2026-01-28 07:10:35,2090
618,1565,1777,2025-07-18 17:49:31,2091
619,980,1948,2025-02-11 15:36:18,2092
620,969,1331,2026-06-10 01:22:45,2094
621,269,380,2026-05-27 04:29:40,2096
622,527,1684,2026-04-30 21:01:25,2097
623,1102,1745,2026-06-11 00:39:56,2099
624,1076,1439,2026-06-08 09:46:47,2101
625,12,1455,2026-04-17 07:56:16,2104
626,749,793,2026-04-19 20:51:19,2107
627,617,784,2024-11-13 20:16:05,2109
628,1190,1253,2026-02-20 07:28:57,2111
629,646,1369,2026-05-14 13:41:38,2115
630,568,845,2025-11-23 07:20:22,2117
631,1515,1986,2025-06-02 15:04:22,2118
632,185,560,2024-11-14 12:31:46,2131
633,403,405,2026-01-26 10:36:10,2134
634,450,1849,2025-12-12 21:16:06,2139
635,407,945,2026-04-22 06:48:49,2140
636,538,1716,2026-06-09 22:39:35,2145
637,70,759,2025-05-29 18:43:21,2149
638,483,1846,2025-01-01 18:46:43,2152
639,376,1273,2025-06-20 08:36:15,2155
640,1462,1926,2026-05-06 11:58:52,2159
641,430,1058,2024-01-05 06:20:07,2162
642,76,928,2026-06-10 19:31:08,2165
643,1060,1240,2025-08-18 09:39:21,2167
644,681,1362,2026-05-02 06:48:59,2171
645,1652,1916,2024-08-25 00:49:33,2180
646,27,388,2025-07-16 00:17:29,2181
647,142,1926,2026-03-24 10:13:53,2184
648,823,1254,2025-09-14 10:58:26,2189
649,101,1135,2025-05-11 02:01:01,2190
650,825,1477,2026-06-07 17:04:30,2192
651,291,606,2026-06-05 14:59:06,2200
652,1063,1630,2025-06-04 17:23:07,2201
653,1637,1695,2026-06-07 13:48:17,2202
654,122,1767,2025-09-23 12:31:55,2203
655,445,726,2026-03-29 04:49:17,2205
656,515,1995,2025-06-18 02:35:46,2207
657,1386,1713,2024-11-10 23:47:03,2210
658,432,1853,2025-11-19 18:13:25,2223
659,1002,1727,2026-05-14 18:11:57,2224
660,230,1462,2026-03-06 13:24:09,2226
661,113,930,2026-05-20 04:10:14,2228
662,819,1312,2026-05-06 18:29:38,2230
663,589,1702,2026-04-04 04:20:42,2235
664,1230,1826,2026-03-22 17:36:27,2238
665,21,71,2025-11-13 15:21:34,2241
666,1232,1725,2026-05-02 00:51:27,2252
667,762,938,2026-06-02 14:17:22,2255
668,713,1549,2026-04-20 10:23:14,2256
669,1328,1741,2025-06-03 06:32:17,2257
670,45,397,2025-12-06 01:33:04,2258
671,309,760,2025-11-18 11:04:30,2259
672,693,1750,2024-06-30 06:31:28,2265
673,1002,1600,2026-03-20 01:29:21,2266
674,655,1401,2026-05-18 11:32:00,2268
675,1492,1813,2025-09-22 19:26:15,2271
676,271,1510,2025-10-19 21:40:26,2275
677,229,585,2026-05-06 03:05:36,2276
678,78,1666,2026-05-08 14:05:22,2279
679,1591,1948,2026-05-11 13:21:45,2284
680,558,1868,2026-06-11 10:02:15,2287
681,979,1158,2025-04-06 16:14:28,2288
682,1227,1964,2025-01-20 16:41:42,2289
683,372,1943,2025-05-31 13:51:24,2290
684,465,1631,2026-05-08 12:56:28,2292
685,571,669,2026-02-02 14:22:44,2300
686,893,1345,2026-06-04 08:35:23,2303
687,352,1094,2024-09-06 06:38:30,2305
688,675,699,2026-02-28 21:16:21,2310
689,523,768,2025-08-23 20:18:16,2312
690,1492,1881,2026-05-15 14:11:23,2316
691,586,1364,2026-04-04 16:29:06,2322
692,1913,1999,2025-12-26 13:55:34,2323
693,666,934,2025-07-23 20:08:51,2324
694,253,1159,2025-09-23 15:11:33,2325
695,279,1500,2024-12-16 17:41:57,2329
696,629,977,2026-05-13 03:27:43,2334
697,1198,1320,2023-06-12 13:13:27,2335
698,1421,1891,2025-09-24 22:17:30,2337
699,744,1267,2026-03-29 09:26:13,2342
700,1143,1327,2026-01-28 08:14:00,2343
701,957,1655,2025-07-07 12:51:18,2346
702,1487,1859,2025-09-21 20:25:32,2347
703,86,432,2025-11-26 06:09:38,2352
704,325,1616,2025-09-15 12:50:12,2353
705,241,1617,2026-04-28 22:29:56,2354
706,158,770,2025-08-30 05:14:45,2357
707,397,890,2025-12-18 06:08:24,2359
708,284,429,2026-03-22 20:30:04,2361
709,434,1994,2025-05-12 04:39:30,2368
710,753,853,2025-11-25 21:33:35,2370
711,158,1305,2026-05-25 15:43:29,2371
712,1910,1963,2026-03-28 05:12:54,2374
713,1225,1761,2025-07-14 06:18:54,2377
714,660,959,2026-05-20 21:15:00,2378
715,559,1394,2026-01-31 22:54:35,2381
716,357,847,2026-02-25 23:00:06,2382
717,447,1669,2025-09-27 08:52:05,2386
718,1017,1872,2026-06-01 10:19:53,2390
719,202,259,2025-09-08 21:56:06,2391
720,1396,1804,2026-04-26 01:29:10,2392
721,78,994,2026-01-27 07:50:25,2393
722,232,1118,2025-03-15 18:29:25,2395
723,369,403,2026-03-27 20:58:01,2397
724,1119,1978,2025-12-22 11:20:42,2404
725,126,848,2026-04-20 15:57:53,2405
726,181,511,2025-04-01 16:33:33,2406
727,833,1342,2026-05-14 22:29:54,2408
728,646,1210,2026-04-09 19:37:32,2409
729,1703,1923,2025-09-02 03:28:40,2411
730,103,751,2025-05-08 22:11:57,2414
731,1757,1910,2025-01-13 10:34:17,2427
732,447,1331,2024-05-02 03:33:17,2428
733,42,1649,2025-08-25 07:14:19,2431
734,232,446,2024-04-22 15:56:31,2433
735,16,1248,2025-08-21 15:56:27,2437
736,947,1863,2026-05-01 03:48:27,2444
737,705,1353,2025-05-13 23:26:25,2447
738,344,1874,2025-09-06 05:40:04,2456
739,174,1468,2026-05-01 03:15:59,2457
740,1100,1223,2025-12-18 23:00:08,2460
741,399,754,2026-05-14 12:48:30,2461
742,586,1147,2025-10-02 20:56:40,2465
743,396,1552,2025-12-22 14:03:39,2470
744,470,1771,2026-03-13 23:40:16,2472
745,87,1358,2026-06-11 08:21:48,2475
746,251,1130,2026-05-29 18:29:08,2482
747,1431,1917,2026-04-15 19:48:41,2490
748,1341,1796,2026-05-01 04:13:16,2491
749,1218,1277,2026-06-08 19:55:27,2494
750,49,310,2025-12-08 15:21:19,2496
751,747,1911,2025-09-05 09:07:44,2497
752,350,1809,2025-12-29 17:59:59,2499
753,1348,1840,2025-10-24 14:08:52,2500
754,121,1464,2025-09-12 12:42:42,2503
755,599,1226,2026-05-14 09:42:16,2504
756,181,1644,2026-06-06 04:38:34,2505
757,500,890,2025-10-03 15:14:35,2514
758,1477,1655,2026-05-19 02:03:46,2517
759,856,1330,2025-07-12 23:55:54,2518
760,584,1477,2025-11-20 13:01:59,2522
761,1125,1382,2026-02-04 20:47:23,2525
762,380,1912,2026-02-18 00:07:15,2528
763,520,1595,2024-06-03 11:13:29,2529
764,527,1250,2026-04-07 16:00:52,2535
765,813,1428,2026-06-11 03:36:53,2537
766,274,884,2025-05-01 19:49:18,2538
767,926,1019,2026-02-22 17:38:14,2540
768,667,1098,2024-03-29 12:51:13,2541
769,174,1752,2026-02-10 08:19:32,2542
770,1156,1547,2026-05-02 07:12:23,2543
771,603,861,2026-05-29 19:14:22,2544
772,467,1506,2026-03-19 15:18:23,2545
773,98,1198,2026-06-03 03:56:10,2546
774,651,1963,2026-04-29 22:26:54,2550
775,122,638,2026-02-19 23:14:16,2552
776,1282,1645,2026-05-08 11:43:51,2555
777,1077,1865,2025-07-12 01:17:25,2560
778,1319,1966,2026-04-27 14:42:53,2562
779,851,1947,2026-02-02 01:38:59,2569
780,748,1239,2025-12-08 05:27:13,2570
781,974,1866,2026-01-16 13:38:59,2573
782,262,1030,2025-09-08 11:38:29,2577
783,331,465,2026-04-30 14:59:25,2588
784,379,1537,2025-10-01 08:19:00,2589
785,223,1749,2026-04-18 23:14:08,2591
786,919,1102,2026-06-06 06:23:47,2598
787,1330,1762,2025-07-15 23:38:22,2599
788,1870,1901,2024-08-26 05:04:58,2602
789,326,1452,2025-10-24 03:56:28,2603
790,147,573,2026-06-09 19:56:04,2609
791,259,1098,2026-03-29 16:36:40,2611
792,418,727,2025-09-25 04:30:16,2613
793,532,1760,2026-03-11 23:56:43,2622
794,356,1777,2026-02-11 01:20:20,2624
795,788,1213,2025-06-16 15:12:23,2625
796,627,1712,2026-05-20 09:17:34,2628
797,395,1097,2024-04-25 01:49:47,2629
798,494,1246,2026-05-22 17:20:01,2630
799,983,1662,2026-06-06 13:33:02,2635
800,871,1183,2026-06-03 14:23:14,2651
801,606,1298,2026-05-19 04:49:29,2652
802,575,1554,2026-04-02 06:27:06,2653
803,455,1327,2026-03-31 12:23:30,2655
804,601,1869,2025-12-07 11:04:38,2656
805,1434,1710,2026-01-25 11:30:50,2658
806,697,1706,2025-09-21 05:35:01,2659
807,520,1294,2025-11-02 08:36:34,2660
808,846,1515,2025-11-06 16:58:18,2662
809,309,1641,2026-05-18 14:57:14,2663
810,1286,1493,2025-11-06 16:04:04,2673
811,544,754,2025-12-26 17:48:32,2675
812,674,1474,2026-04-07 13:34:48,2677
813,130,440,2025-03-28 14:01:44,2679
814,350,1547,2026-02-11 22:05:45,2683
815,1712,1810,2025-12-26 21:13:53,2687
816,364,1279,2025-08-13 23:07:06,2689
817,269,661,2026-01-25 10:10:10,2690
818,428,982,2026-05-23 04:07:06,2692
819,876,1308,2026-06-02 01:04:11,2699
820,370,1864,2026-04-14 01:08:08,2700
821,469,865,2025-06-27 10:12:58,2702
822,17,463,2026-06-06 17:18:51,2704
823,6,1048,2025-12-10 03:20:32,2707
824,147,1097,2026-01-03 03:46:11,2710
825,731,834,2026-04-09 07:54:58,2717
826,1460,1895,2026-06-10 13:01:39,2723
827,2,687,2025-07-05 23:28:17,2724
828,1012,1244,2026-05-17 05:30:31,2730
829,236,1250,2026-05-10 11:23:56,2733
830,309,821,2024-10-11 05:34:12,2734
831,803,1452,2026-06-09 13:46:14,2735
832,163,1138,2025-10-05 00:44:53,2740
833,584,1845,2026-04-13 07:29:48,2743
834,1007,1660,2025-07-27 22:32:19,2744
835,1060,1999,2026-04-01 01:36:49,2749
836,626,1011,2026-03-17 03:36:21,2756
837,73,1173,2026-05-18 10:55:00,2757
838,1177,1983,2026-06-11 03:50:35,2758
839,282,328,2024-11-05 22:03:21,2760
840,20,1622,2026-04-28 11:46:31,2761
841,185,1513,2025-04-17 13:56:39,2762
842,964,1368,2024-12-26 18:29:31,2765
843,665,1702,2026-02-06 10:43:46,2766
844,1437,1520,2024-07-31 20:51:44,2767
845,284,1489,2025-10-27 10:50:31,2768
846,912,1336,2025-05-19 21:22:22,2772
847,1148,1719,2026-02-25 04:45:13,2773
848,951,1041,2026-04-20 22:04:12,2777
849,507,1124,2026-02-04 07:36:58,2784
850,250,1349,2026-06-04 21:57:14,2792
851,524,1200,2026-05-30 22:20:39,2796
852,793,880,2024-10-15 23:57:25,2798
853,1540,1938,2025-07-31 11:18:19,2802
854,414,1534,2026-05-31 08:50:49,2806
855,664,1166,2025-12-09 03:20:59,2809
856,1160,1356,2025-12-04 21:45:08,2813
857,186,494,2025-10-08 12:53:26,2814
858,841,1006,2026-04-12 02:10:34,2815
859,243,1206,2026-06-11 03:11:48,2817
860,358,1437,2026-04-29 15:24:40,2819
861,72,1995,2025-08-10 02:39:17,2821
862,1067,1968,2026-04-18 22:31:32,2822
863,366,492,2026-03-08 03:09:31,2828
864,393,1841,2026-06-04 05:30:03,2829
865,18,114,2025-08-29 09:58:16,2834
866,1015,1988,2026-03-30 13:40:34,2836
867,648,785,2025-01-21 21:23:17,2837
868,447,803,2024-06-07 15:29:07,2838
869,1549,1663,2026-01-09 20:12:06,2843
870,910,1608,2025-09-20 00:40:45,2845
871,262,979,2025-06-13 00:18:45,2848
872,1351,1497,2026-04-16 00:00:47,2854
873,878,980,2024-11-13 17:01:29,2860
874,996,1350,2026-05-12 19:12:01,2861
875,147,1110,2026-04-14 18:55:44,2862
876,1587,1669,2025-06-09 18:56:01,2863
877,71,1776,2026-02-06 15:45:27,2870
878,1265,1285,2026-03-08 09:30:23,2871
879,1583,1887,2026-03-09 17:33:09,2872
880,876,1349,2026-06-09 04:08:47,2873
881,394,1481,2025-11-28 23:39:11,2875
882,25,952,2026-03-29 23:58:03,2879
883,962,1166,2025-01-06 10:07:59,2894
884,335,1189,2026-04-01 06:32:16,2896
885,341,831,2025-08-06 18:51:13,2897
886,972,1302,2026-04-13 01:56:00,2899
887,67,1164,2026-04-04 07:57:55,2906
888,530,804,2025-11-28 20:41:05,2907
889,208,384,2025-04-28 22:08:13,2909
890,1104,1450,2026-02-15 07:12:01,2912
891,490,552,2025-09-05 07:44:16,2923
892,1427,1610,2026-05-24 22:02:01,2924
893,147,1366,2026-05-04 22:46:56,2926
894,473,834,2026-05-19 10:26:52,2927
895,135,431,2025-12-07 02:47:40,2930
896,1321,1469,2025-04-14 05:02:01,2934
897,1464,1491,2025-04-04 20:45:25,2936
898,63,604,2025-08-26 02:18:39,2939
899,1161,1381,2025-12-15 09:16:37,2946
900,217,299,2025-12-27 14:58:21,2947
901,796,1981,2025-11-19 12:29:58,2949
902,724,1864,2026-03-10 21:22:03,2950
903,1013,1629,2025-12-07 05:43:57,2952
904,196,1242,2025-02-18 07:07:13,2953
905,215,1487,2024-06-12 10:23:41,2954
906,770,1355,2025-12-12 16:43:13,2955
907,131,1661,2025-06-17 14:00:04,2958
908,994,1976,2025-05-20 11:16:20,2961
909,215,1245,2026-03-14 21:47:56,2964
910,1032,1162,2026-01-27 03:28:55,2968
911,1137,1932,2025-12-22 14:56:20,2971
912,364,534,2026-02-08 10:02:19,2972
913,351,1509,2026-05-14 13:03:52,2974
914,328,427,2025-02-25 21:28:17,2975
915,500,1337,2025-06-14 03:15:45,2978
916,1501,1573,2024-05-16 00:58:33,2988
917,986,1680,2025-04-02 08:41:27,2991
918,390,1022,2025-10-12 04:17:56,2992
919,319,904,2026-04-17 05:37:23,2993
920,823,1714,2025-06-21 07:07:34,2994
921,105,140,2026-01-13 07:59:42,2996
922,375,489,2024-08-25 05:37:52,2999
923,747,1173,2025-10-02 19:28:44,3002
924,156,1405,2026-06-03 11:37:25,3003
925,885,1720,2025-07-07 18:07:35,3009
926,804,1495,2025-04-17 20:22:51,3012
927,193,610,2023-08-28 13:41:20,3016
928,279,1894,2026-03-20 12:20:58,3017
929,786,1338,2025-04-03 03:52:50,3018
930,824,1044,2026-05-21 01:39:43,3021
931,1341,1616,2026-04-27 15:05:32,3026
932,1044,1888,2026-05-23 13:42:34,3031
933,984,1408,2026-03-12 09:36:06,3036
934,190,247,2026-01-12 09:23:29,3039
935,1430,1492,2023-11-21 07:00:48,3047
936,397,1486,2025-06-05 02:48:10,3048
937,1003,1924,2025-08-17 12:04:44,3050
938,1189,1567,2026-05-07 15:20:48,3051
939,193,794,2026-02-12 16:39:41,3054
940,920,1967,2026-06-02 22:44:16,3061
941,778,1473,2025-10-28 20:26:18,3066
942,1646,1716,2025-10-14 15:26:46,3069
943,12,130,2026-04-21 02:49:25,3070
944,377,1852,2025-10-16 20:01:46,3071
945,244,379,2025-10-25 01:40:59,3072
946,1011,1425,2025-03-11 04:03:04,3073
947,1097,1529,2026-06-10 04:38:21,3076
948,937,1956,2026-06-06 15:45:01,3082
949,112,443,2026-05-20 08:25:13,3083
950,1116,1403,2025-03-19 11:13:19,3084
951,1522,1873,2025-11-15 00:46:43,3089
952,78,1594,2026-03-12 20:27:09,3096
953,1362,1980,2026-03-06 18:47:22,3101
954,1496,1549,2026-06-04 10:15:12,3103
955,77,962,2023-10-29 17:55:31,3104
956,453,1349,2026-06-11 06:03:15,3108
957,21,886,2025-09-14 17:20:48,3109
958,553,1376,2026-04-30 18:43:26,3113
959,1691,1828,2026-02-04 15:45:39,3114
960,557,1487,2025-10-25 12:04:48,3116
961,87,1835,2026-05-25 23:27:18,3117
962,579,1567,2026-01-12 17:33:05,3121
963,1466,1674,2024-05-28 06:51:22,3123
964,614,1957,2025-05-12 14:56:14,3128
965,247,713,2026-03-27 07:21:51,3129
966,833,1457,2026-06-06 07:58:28,3130
967,215,1753,2025-11-13 01:19:52,3133
968,131,320,2025-09-15 14:19:42,3137
969,1013,1574,2026-03-18 23:45:55,3140
970,71,1159,2025-04-22 20:22:57,3143
971,1435,1447,2025-09-24 23:02:19,3149
972,1026,1549,2026-01-02 06:21:02,3151
973,284,1404,2026-03-13 07:45:28,3154
974,999,1147,2026-05-25 05:09:00,3155
975,461,1878,2024-06-07 01:32:59,3156
976,338,1952,2025-09-02 02:27:07,3158
977,91,976,2026-04-04 09:39:39,3160
978,621,673,2025-09-23 01:31:26,3173
979,1488,1848,2026-02-05 03:20:42,3177
980,101,1599,2026-04-06 20:12:16,3178
981,1075,1439,2025-12-26 05:06:10,3179
982,780,792,2026-04-02 02:54:28,3181
983,1070,1342,2026-05-23 13:07:18,3191
984,1360,1787,2026-04-28 20:35:37,3196
985,25,969,2025-12-09 02:16:45,3198
986,1193,1286,2024-06-09 23:05:10,3201
987,36,1863,2025-06-04 13:10:06,3214
988,623,718,2026-03-08 09:10:38,3218
989,1508,1727,2026-05-22 23:34:29,3219
990,1323,1826,2026-02-12 09:38:44,3221
991,1141,1813,2026-04-27 07:29:35,3222
992,242,1273,2025-11-08 09:22:15,3223
993,1423,1445,2025-04-30 07:47:25,3224
994,1484,1497,2024-12-13 22:18:14,3225
995,397,1542,2024-12-08 04:56:07,3235
996,716,792,2026-02-18 16:27:37,3238
997,379,1316,2025-12-17 22:46:27,3244
998,1789,1913,2026-02-07 08:08:53,3246
999,1178,1810,2025-12-11 05:22:18,3249
1000,41,347,2025-12-26 23:24:45,3251
1001,1554,1572,2026-01-14 12:54:16,3254
1002,61,1006,2025-12-10 09:50:49,3260
1003,71,168,2026-02-26 21:52:55,3268
1004,323,1289,2025-04-19 11:02:19,3271
1005,1554,1923,2026-01-12 11:51:33,3275
1006,784,802,2024-11-23 23:10:38,3276
1007,80,1481,2026-03-17 13:33:52,3277
1008,645,1094,2025-09-12 12:45:31,3284
1009,1300,1980,2026-04-17 13:55:15,3287
1010,1011,1122,2025-11-28 21:12:38,3291
1011,452,589,2026-03-03 02:43:18,3294
1012,725,1811,2026-05-03 18:22:31,3295
1013,612,1728,2026-02-09 17:06:54,3298
1014,875,1331,2025-12-30 07:00:24,3300
1015,457,1664,2026-03-21 07:15:34,3305
1016,288,403,2026-03-31 15:38:04,3317
1017,16,781,2026-01-17 08:41:08,3321
1018,279,1662,2026-05-30 01:04:29,3322
1019,1188,1485,2025-09-26 14:14:51,3323
1020,221,1104,2026-02-08 07:26:42,3324
1021,1050,1638,2026-05-27 01:05:27,3333
1022,660,1718,2024-12-19 11:20:38,3350
1023,192,633,2025-08-05 17:47:18,3353
1024,658,949,2026-03-19 10:27:18,3354
1025,97,727,2024-01-21 08:51:04,3355
1026,704,744,2026-01-06 17:59:03,3360
1027,681,1932,2026-02-16 07:16:09,3361
1028,804,1933,2025-07-29 04:43:32,3362
1029,1526,1778,2025-09-21 08:41:38,3366
1030,1323,1932,2025-12-20 08:05:46,3368
1031,376,1237,2025-11-24 17:20:13,3371
1032,193,355,2025-07-28 15:02:51,3373
1033,266,806,2025-02-09 04:56:20,3375
1034,381,1549,2026-05-28 21:44:29,3376
1035,1691,1764,2025-10-28 08:34:04,3379
1036,1579,1799,2024-01-18 19:45:51,3381
1037,78,456,2026-02-20 00:14:35,3387
1038,35,1487,2026-05-23 13:08:45,3389
1039,236,748,2024-02-06 22:48:10,3393
1040,511,944,2025-06-22 07:10:12,3397
1041,596,675,2025-07-09 18:00:39,3398
1042,960,1576,2026-03-20 21:06:16,3403
1043,1325,1434,2023-10-22 02:08:09,3409
1044,1020,1902,2024-12-20 10:23:19,3411
1045,72,1576,2026-01-16 20:39:59,3412
1046,1067,1257,2026-01-13 18:04:12,3414
1047,625,845,2026-06-10 10:48:30,3419
1048,174,1586,2026-02-16 17:34:19,3422
1049,363,1103,2025-05-30 23:19:04,3423
1050,679,1467,2025-08-26 00:38:00,3431
1051,1634,1739,2026-01-02 10:05:16,3432
1052,1135,1423,2025-07-06 02:44:50,3434
1053,115,1837,2025-11-28 06:56:27,3436
1054,1156,1411,2026-04-09 16:05:01,3437
1055,382,410,2024-07-18 00:36:45,3438
1056,589,1031,2026-05-08 10:21:55,3442
1057,373,870,2026-04-08 09:00:31,3444
1058,294,416,2026-05-10 12:00:12,3445
1059,212,943,2026-05-12 18:03:12,3446
1060,1605,1884,2026-05-06 22:09:19,3447
1061,229,844,2025-03-16 17:55:07,3450
1062,328,1305,2026-05-26 01:14:39,3452
1063,1042,1957,2026-02-20 03:02:31,3453
1064,820,1446,2026-01-23 08:02:36,3454
1065,150,1201,2025-10-13 19:56:22,3467
1066,8,326,2026-05-08 07:59:46,3470
1067,1322,1643,2026-04-07 01:19:04,3473
1068,296,748,2025-10-13 05:32:56,3480
1069,129,1048,2025-11-12 02:24:06,3483
1070,568,1354,2025-10-19 00:21:49,3485
1071,565,1959,2024-05-25 22:56:12,3490
1072,1905,1965,2026-06-04 10:31:24,3492
1073,1643,1802,2026-04-20 00:40:48,3493
1074,288,668,2026-05-08 06:56:27,3495
1075,1422,1986,2026-02-21 02:50:44,3501
1076,1167,1370,2026-01-03 16:24:28,3507
1077,32,814,2026-05-26 21:38:41,3509
1078,458,1401,2026-06-11 03:55:56,3510
1079,1436,1782,2025-10-21 17:14:28,3513
1080,227,1410,2026-06-06 05:55:27,3516
1081,1265,1622,2026-03-11 01:54:38,3518
1082,1162,1387,2024-07-30 15:36:35,3520
1083,224,1305,2026-05-30 08:27:05,3521
1084,313,1097,2026-01-16 02:51:15,3523
1085,433,1482,2026-06-04 02:41:05,3526
1086,76,1927,2026-01-25 17:43:19,3527
1087,1488,1585,2026-04-04 08:06:35,3528
1088,216,334,2026-06-05 19:47:43,3530
1089,28,1509,2026-02-05 04:39:34,3533
1090,756,1719,2025-03-20 05:29:25,3534
1091,157,911,2025-09-05 18:41:07,3535
1092,275,1415,2026-03-11 13:39:21,3539
1093,126,1916,2024-05-13 18:09:12,3548
1094,714,1492,2024-04-01 06:39:25,3550
1095,317,327,2026-06-04 13:35:54,3553
1096,550,804,2026-06-07 13:39:38,3555
1097,1072,1564,2026-01-27 08:01:31,3567
1098,919,1134,2026-05-13 14:20:48,3570
1099,465,1374,2026-06-07 01:43:09,3571
1100,1162,1848,2025-02-07 07:12:11,3580
1101,281,1429,2025-03-19 08:54:34,3583
1102,583,1746,2025-06-13 17:03:23,3584
1103,749,855,2026-06-11 05:03:29,3585
1104,270,383,2024-08-30 14:12:51,3587
1105,876,1442,2026-06-11 11:12:21,3588
1106,208,740,2025-12-11 04:45:59,3592
1107,283,1403,2025-03-26 11:37:49,3593
1108,1048,1658,2026-06-02 03:29:40,3595
1109,326,766,2024-03-25 20:04:00,3596
1110,623,1376,2026-03-31 13:28:07,3598
1111,1450,1517,2025-08-23 08:25:56,3599
1112,274,679,2026-01-13 10:35:16,3606
1113,472,904,2025-12-02 16:06:49,3608
1114,811,1510,2026-05-27 14:27:49,3613
1115,668,734,2025-12-08 19:04:24,3616
1116,180,1685,2024-07-15 21:24:10,3617
1117,554,1241,2024-09-20 19:47:32,3619
1118,161,685,2026-03-23 10:59:23,3624
1119,273,1707,2025-11-29 12:09:57,3632
1120,1379,1451,2026-05-08 00:33:52,3634
1121,617,1836,2026-05-18 04:48:46,3636
1122,1530,1914,2026-05-06 17:51:39,3639
1123,9,973,2026-06-10 21:11:43,3641
1124,628,657,2025-11-30 08:11:30,3644
1125,353,1932,2025-12-19 02:41:33,3645
1126,1647,1805,2026-05-21 00:28:11,3649
1127,788,1936,2026-05-27 16:59:49,3660
1128,170,1546,2025-11-02 12:59:15,3661
1129,211,1822,2026-05-28 11:50:55,3662
1130,833,1096,2026-03-10 23:13:43,3667
1131,136,364,2025-09-07 14:13:55,3669
1132,389,1671,2024-07-24 16:01:23,3676
1133,237,490,2025-04-25 12:15:40,3680
1134,700,1630,2025-06-05 12:05:52,3685
1135,64,828,2025-11-25 03:08:14,3686
1136,83,133,2026-02-09 20:55:08,3687
1137,1035,1902,2025-04-30 12:17:34,3692
1138,1159,1440,2026-06-06 03:01:29,3694
1139,529,542,2024-08-15 10:27:23,3695
1140,863,1388,2026-04-23 13:39:48,3696
1141,467,806,2026-05-04 07:26:59,3698
1142,605,1039,2026-04-06 14:03:11,3702
1143,1385,1840,2025-10-04 22:09:14,3705
1144,1225,1735,2024-07-08 19:17:53,3706
1145,324,749,2026-06-07 09:51:49,3707
1146,1298,1800,2025-06-10 03:09:01,3709
1147,669,757,2025-04-04 18:19:34,3713
1148,1755,1857,2026-05-06 06:11:04,3718
1149,822,1048,2025-10-16 12:22:54,3722
1150,358,1048,2025-08-10 07:24:44,3730
1151,699,1039,2026-06-11 04:09:42,3739
1152,1130,1627,2026-03-29 16:31:05,3740
1153,1420,1896,2026-05-31 16:00:43,3742
1154,137,1745,2025-10-10 06:04:30,3745
1155,654,1122,2025-06-28 02:02:39,3746
1156,600,1823,2025-02-03 08:18:34,3750
1157,619,1860,2024-06-24 07:45:54,3753
1158,1062,1466,2025-09-05 04:54:11,3754
1159,649,1957,2026-05-31 11:31:12,3755
1160,367,1360,2026-05-17 13:49:39,3757
1161,327,584,2026-02-04 01:18:40,3758
1162,1113,1454,2026-05-30 09:09:18,3771
1163,239,936,2025-02-25 14:05:08,3778
1164,612,776,2025-02-18 21:18:41,3787
1165,734,1358,2026-01-14 21:37:57,3792
1166,691,1611,2025-05-19 01:53:59,3793
1167,73,1067,2026-04-14 02:41:34,3794
1168,378,791,2026-05-24 08:06:20,3800
1169,1602,1814,2026-06-03 08:31:29,3802
1170,633,959,2024-10-08 00:32:36,3803
1171,360,997,2026-01-03 15:05:24,3804
1172,1255,1553,2025-12-28 01:53:17,3808
1173,350,981,2025-06-04 02:50:32,3811
1174,925,1704,2025-10-25 08:58:37,3812
1175,162,562,2026-01-15 13:39:42,3817
1176,335,539,2026-02-08 13:10:07,3819
1177,874,1917,2026-01-25 18:44:02,3823
1178,111,1011,2025-11-27 20:21:05,3826
1179,448,1712,2026-04-10 14:30:08,3829
1180,519,1901,2026-01-20 10:01:09,3834
1181,654,943,2025-11-24 23:53:15,3835
1182,40,1613,2025-12-06 04:36:56,3837
1183,1076,1813,2026-04-29 16:21:34,3839
1184,1483,1801,2025-02-25 15:04:45,3841
1185,90,1759,2025-04-05 11:02:51,3844
1186,603,1453,2026-03-26 19:31:57,3849
1187,274,1150,2026-05-27 11:35:00,3851
1188,62,1809,2024-11-14 14:35:36,3852
1189,1225,1320,2025-05-01 08:24:15,3855
1190,90,183,2025-11-30 13:48:08,3856
1191,487,1805,2026-05-06 10:45:36,3857
1192,67,1187,2025-06-20 02:38:17,3858
1193,85,551,2025-11-03 20:41:11,3860
1194,823,1167,2025-09-08 15:02:18,3864
1195,679,1656,2026-06-01 11:47:09,3865
1196,987,1917,2025-10-31 11:52:30,3866
1197,1790,1882,2026-05-15 22:46:15,3868
1198,1152,1473,2025-04-09 11:37:46,3871
1199,446,619,2024-07-19 04:11:47,3872
1200,130,1171,2025-08-21 18:59:29,3873
1201,529,971,2026-05-05 15:46:40,3878
1202,1081,1546,2026-05-05 19:19:56,3888
1203,134,978,2025-12-14 10:20:26,3893
1204,340,1394,2026-01-21 22:41:48,3896
1205,1242,1384,2026-03-06 22:47:46,3898
1206,453,1131,2026-03-05 03:27:25,3899
1207,1341,1637,2026-01-13 12:43:17,3905
1208,1771,1956,2025-09-28 18:34:01,3907
1209,84,1388,2026-06-03 08:37:44,3909
1210,724,1960,2026-06-07 08:29:14,3912
1211,1547,1633,2026-05-10 03:19:41,3921
1212,1377,1545,2024-09-23 07:07:34,3924
1213,467,1014,2025-12-04 13:21:31,3925
1214,1050,1580,2026-04-14 09:47:56,3929
1215,6,432,2025-06-16 10:25:43,3932
1216,996,1581,2026-06-09 19:14:42,3933
1217,1032,1289,2026-01-22 08:51:43,3934
1218,859,1517,2025-08-07 19:43:17,3940
1219,1314,1463,2024-09-08 05:09:38,3941
1220,1031,1827,2025-08-12 16:31:07,3944
1221,585,1313,2026-04-09 17:56:09,3947
1222,843,1397,2024-11-09 05:52:11,3952
1223,322,1989,2023-11-04 12:34:06,3954
1224,40,382,2024-10-08 10:46:59,3963
1225,178,196,2026-05-06 17:46:35,3971
1226,402,1310,2026-03-18 19:24:57,3972
1227,264,1626,2025-07-27 10:09:28,3978
1228,251,835,2026-04-13 10:09:20,3979
1229,1257,1291,2024-12-06 23:03:34,3982
1230,28,1242,2026-05-05 06:59:23,3984
1231,643,1460,2026-04-25 03:53:07,3986
1232,100,1608,2025-09-29 22:42:14,3988
1233,933,1311,2026-06-09 17:30:59,3991
1234,485,1023,2025-07-11 03:00:14,3993
1235,1484,1669,2026-03-07 18:25:37,3997
1236,554,1909,2025-05-30 17:20:07,4001
1237,858,1802,2026-01-02 04:09:47,4004
1238,1810,1961,2026-05-29 01:07:13,4005
1239,670,1195,2026-05-19 23:49:01,4009
1240,584,1606,2025-12-15 07:00:07,4011
1241,453,1935,2026-04-28 09:54:50,4016
1242,521,1693,2026-06-03 00:36:19,4019
1243,1182,1577,2026-04-10 20:01:56,4021
1244,338,1843,2026-03-16 00:52:04,4022
1245,932,1608,2025-11-08 10:40:48,4023
1246,665,1301,2026-05-10 00:47:57,4024
1247,1538,1915,2026-02-18 04:39:22,4027
1248,610,1292,2025-01-11 04:50:19,4028
1249,374,1599,2026-06-05 20:04:57,4029
1250,1830,1846,2026-05-18 15:49:04,4030
1251,1874,1937,2026-05-02 18:28:51,4031
1252,527,666,2026-04-12 09:23:32,4033
1253,783,1126,2025-09-11 12:36:02,4034
1254,1593,1804,2025-12-20 19:49:28,4039
1255,1401,1467,2026-03-21 18:37:44,4042
1256,349,1710,2026-05-17 03:44:07,4046
1257,824,1550,2026-02-01 00:58:29,4047
1258,1145,1276,2026-03-06 22:11:57,4054
1259,532,1810,2026-04-26 16:55:27,4055
1260,487,973,2024-06-13 17:09:19,4059
1261,860,1934,2025-09-05 12:27:28,4060
1262,940,1627,2026-05-07 10:59:20,4061
1263,1600,1992,2026-04-26 16:56:30,4064
1264,392,730,2025-08-09 00:27:43,4069
1265,607,1596,2025-01-24 09:29:05,4073
1266,1102,1223,2026-06-10 15:00:46,4076
1267,831,994,2025-03-18 05:27:18,4083
1268,935,1436,2026-03-30 23:06:11,4084
1269,504,865,2025-05-03 11:09:47,4094
1270,134,407,2026-06-09 15:59:26,4098
1271,1595,1672,2024-10-27 07:20:34,4099
1272,329,454,2026-02-02 06:10:49,4101
1273,1539,1628,2026-03-16 22:26:16,4102
1274,1435,1859,2024-07-13 08:04:09,4104
1275,491,816,2025-12-08 19:22:40,4108
1276,4,764,2024-11-22 14:48:59,4109
1277,966,1885,2026-02-14 23:56:10,4110
1278,790,1683,2025-12-20 18:11:51,4111
1279,718,939,2026-04-04 19:32:25,4116
1280,275,1648,2025-11-28 13:14:56,4117
1281,292,1513,2026-03-08 18:16:09,4118
1282,565,759,2025-04-26 17:16:22,4119
1283,180,992,2025-06-09 19:33:33,4121
1284,808,1235,2025-10-17 15:52:30,4122
1285,167,983,2026-06-09 02:40:30,4125
1286,77,745,2024-02-19 00:11:23,4126
1287,87,1949,2026-04-25 22:39:52,4129
1288,76,1979,2025-02-24 06:17:49,4132
1289,1601,1757,2025-11-11 20:22:11,4143
1290,285,808,2025-07-11 19:54:11,4144
1291,731,1436,2026-05-16 16:55:03,4146
1292,495,530,2026-06-09 12:37:11,4149
1293,92,1882,2026-06-03 17:21:45,4154
1294,229,958,2025-10-14 06:44:07,4160
1295,1648,1810,2026-05-25 12:42:38,4161
1296,952,1918,2026-05-04 05:42:28,4163
1297,1747,1961,2025-10-16 20:30:20,4167
1298,200,458,2026-05-20 17:27:20,4168
1299,190,1036,2026-05-26 14:35:32,4169
1300,569,1055,2025-12-08 19:52:40,4173
1301,1135,1781,2026-03-04 20:55:11,4175
1302,1158,1576,2026-06-10 15:21:41,4176
1303,1685,1958,2026-05-21 20:25:19,4179
1304,1362,1743,2026-03-20 23:34:19,4180
1305,66,953,2025-09-11 07:50:09,4187
1306,991,1478,2026-06-03 18:27:16,4191
1307,740,937,2026-04-18 23:46:24,4201
1308,75,1777,2025-10-14 22:37:01,4205
1309,166,1968,2026-02-09 14:07:22,4207
1310,333,1056,2025-12-10 06:27:29,4216
1311,604,1329,2026-04-02 22:11:11,4218
1312,1131,1729,2025-11-19 13:23:17,4219
1313,247,1402,2026-04-06 19:25:16,4224
1314,883,1473,2026-01-23 19:54:39,4231
1315,1414,1698,2026-04-27 11:48:32,4239
1316,523,637,2025-02-12 10:15:06,4241
1317,457,2000,2026-05-01 12:41:17,4246
1318,47,1795,2025-11-21 19:47:29,4255
1319,590,1862,2026-02-13 04:04:46,4261
1320,309,1820,2025-09-17 03:52:20,4264
1321,685,1171,2025-12-09 10:09:39,4265
1322,887,961,2025-05-18 20:10:04,4266
1323,175,1225,2025-11-10 00:21:37,4271
1324,1202,1380,2026-06-10 15:03:17,4276
1325,144,1068,2025-03-30 00:19:19,4280
1326,778,1915,2024-06-25 02:31:16,4289
1327,227,635,2026-02-14 18:12:35,4292
1328,1090,1511,2026-05-22 22:18:36,4293
1329,171,1569,2024-07-10 21:31:16,4294
1330,1024,1381,2025-02-13 03:22:26,4299
1331,1153,1989,2024-01-28 21:26:57,4312
1332,1113,1440,2026-03-02 14:37:32,4316
1333,593,758,2026-04-08 09:26:58,4317
1334,1148,1787,2025-11-28 23:32:06,4318
1335,209,1003,2025-12-28 09:43:47,4319
1336,582,1751,2025-02-16 09:23:12,4320
1337,988,1036,2026-06-06 18:43:18,4322
1338,1007,1411,2025-02-22 14:55:30,4324
1339,705,1816,2026-04-21 09:53:35,4326
1340,1635,1804,2023-07-17 15:47:11,4328
1341,748,1181,2025-08-26 02:55:45,4330
1342,690,1099,2026-05-10 04:42:36,4334
1343,696,725,2026-05-06 00:33:05,4343
1344,603,1404,2026-06-11 11:20:05,4348
1345,368,1552,2026-06-11 02:34:11,4350
1346,1116,1620,2026-05-09 09:55:56,4351
1347,180,1986,2025-07-03 21:56:00,4359
1348,642,1931,2025-09-12 22:34:50,4362
1349,1257,1276,2026-06-08 12:28:10,4365
1350,365,1991,2025-02-11 07:51:00,4369
1351,513,670,2025-05-29 14:54:16,4370
1352,506,1733,2026-06-03 12:23:16,4371
1353,1158,1722,2026-04-18 23:35:55,4382
1354,1045,1100,2026-03-22 20:45:08,4384
1355,1068,1595,2024-04-09 11:55:12,4385
1356,1341,1754,2026-04-07 15:53:44,4386
1357,306,1117,2025-06-16 20:35:00,4388
1358,27,1139,2026-03-10 07:38:54,4390
1359,851,1112,2026-05-23 04:05:46,4402
1360,465,1182,2026-05-30 15:35:19,4404
1361,640,1195,2026-05-21 12:15:46,4406
1362,160,628,2024-01-24 11:35:18,4409
1363,276,1508,2025-08-17 22:55:22,4410
1364,1060,1288,2024-07-07 05:00:41,4418
1365,201,245,2025-09-25 21:04:34,4420
1366,1139,1896,2026-01-27 06:40:42,4425
1367,1311,1751,2024-02-17 13:42:32,4434
1368,1045,1705,2026-03-16 06:26:49,4444
1369,351,933,2026-06-10 07:54:37,4446
1370,394,482,2025-11-20 02:09:59,4452
1371,1274,1636,2026-06-02 09:39:13,4453
1372,152,362,2026-05-26 20:53:17,4476
1373,1196,1928,2025-04-18 01:29:05,4478
1374,1274,1938,2026-06-09 07:44:48,4479
1375,1162,1981,2025-10-28 10:17:53,4482
1376,283,1280,2026-05-30 07:12:00,4483
1377,323,1656,2024-06-11 17:36:29,4490
1378,981,1806,2026-03-14 12:32:06,4493
1379,206,815,2026-04-23 17:21:02,4495
1380,137,1709,2024-05-24 16:12:58,4496
1381,255,1629,2025-12-22 12:23:26,4498
1382,51,1553,2025-09-08 13:23:09,4499
1383,52,461,2025-01-25 11:21:12,4501
1384,1585,1695,2026-05-28 20:24:03,4503
1385,38,1818,2025-04-22 21:30:05,4509
1386,944,1086,2026-01-04 08:14:23,4513
1387,501,1193,2024-03-12 08:52:50,4516
1388,149,1163,2025-03-28 15:44:40,4519
1389,116,1121,2025-10-30 19:55:22,4524
1390,538,1487,2026-06-05 19:13:26,4526
1391,755,1059,2024-09-12 10:20:04,4527
1392,751,1463,2025-06-10 02:53:50,4530
1393,340,749,2025-08-12 18:10:25,4531
1394,520,1502,2025-10-27 03:01:34,4532
1395,573,1696,2026-06-06 17:34:32,4536
1396,519,845,2026-02-07 18:03:20,4540
1397,1147,1404,2026-04-08 20:54:34,4545
1398,1599,1998,2026-05-13 11:01:36,4549
1399,584,1018,2025-08-17 22:30:35,4551
1400,251,1481,2024-11-07 19:16:17,4553
1401,1574,1984,2026-02-17 20:22:37,4555
1402,597,1427,2026-06-04 11:35:17,4556
1403,987,1198,2024-03-26 21:24:24,4557
1404,1713,1980,2026-06-11 09:05:01,4561
1405,1864,1872,2025-11-19 09:00:45,4564
1406,78,661,2025-06-30 17:50:46,4565
1407,1253,1324,2026-04-05 01:06:08,4574
1408,114,1518,2026-06-10 19:04:39,4580
1409,794,1241,2025-08-16 23:36:55,4585
1410,308,1516,2026-06-08 17:55:26,4591
1411,678,1755,2025-05-28 14:22:28,4593
1412,1472,1561,2026-03-12 03:35:45,4594
1413,810,1064,2024-11-24 08:50:58,4600
1414,1080,1760,2025-12-21 20:45:13,4601
1415,32,584,2026-06-08 15:46:11,4603
1416,518,1558,2025-02-02 20:39:48,4610
1417,262,756,2024-09-18 11:46:06,4611
1418,352,1227,2025-01-19 17:35:01,4614
1419,1596,1601,2026-03-25 14:48:06,4616
1420,887,1472,2026-05-30 09:03:22,4620
1421,1241,1892,2025-08-13 03:51:18,4624
1422,166,691,2026-04-22 10:07:40,4627
1423,155,444,2026-06-09 04:36:06,4630
1424,88,1788,2026-05-25 23:15:20,4631
1425,798,1782,2024-05-27 20:25:10,4634
1426,233,1419,2025-08-28 18:08:26,4649
1427,852,1860,2025-04-16 14:51:38,4652
1428,706,712,2025-10-22 05:38:12,4654
1429,892,1877,2026-06-07 01:32:02,4656
1430,397,1004,2026-05-16 22:02:31,4659
1431,424,1491,2024-10-16 01:51:55,4662
1432,1227,1605,2025-12-23 13:14:38,4663
1433,1184,1964,2026-03-28 03:54:03,4666
1434,467,1021,2025-12-28 09:09:04,4668
1435,512,1407,2026-06-10 12:50:18,4677
1436,978,1839,2026-05-14 09:13:55,4678
1437,266,614,2026-02-17 21:40:23,4683
1438,1489,1558,2025-09-15 11:41:43,4687
1439,1388,1999,2026-04-21 01:18:16,4691
1440,197,1328,2026-06-06 22:52:58,4692
1441,101,1274,2026-03-09 04:13:13,4694
1442,958,1613,2026-01-03 05:44:33,4696
1443,1504,1769,2025-12-09 10:13:36,4698
1444,247,1506,2026-04-02 10:53:50,4705
1445,154,1060,2025-07-24 10:05:03,4710
1446,71,474,2026-06-10 13:16:27,4718
1447,1023,1890,2025-05-30 21:31:49,4719
1448,459,1925,2025-05-25 21:55:12,4721
1449,969,1915,2026-04-23 14:58:50,4726
1450,1548,1795,2025-12-30 02:41:11,4727
1451,73,768,2026-06-06 00:52:34,4731
1452,378,1134,2025-12-20 13:29:04,4732
1453,66,124,2025-11-01 01:32:30,4733
1454,372,1282,2026-01-01 04:15:03,4734
1455,78,810,2026-01-22 15:07:42,4736
1456,168,1064,2026-01-20 02:14:46,4744
1457,119,1476,2025-02-16 06:08:26,4745
1458,858,1342,2026-04-06 01:45:14,4749
1459,1004,1866,2026-01-27 22:09:29,4750
1460,295,979,2025-09-29 04:04:46,4754
1461,879,1674,2025-11-10 11:03:53,4756
1462,71,438,2025-08-11 23:05:43,4757
1463,131,752,2024-05-11 21:58:17,4759
1464,25,736,2026-04-04 05:06:07,4761
1465,93,1384,2025-10-07 06:37:02,4763
1466,907,1184,2025-09-22 10:25:49,4764
1467,271,1764,2025-07-02 18:48:31,4769
1468,127,1359,2026-06-04 04:19:28,4771
1469,1108,1755,2025-11-25 07:18:42,4772
1470,1365,1776,2026-02-10 00:04:46,4773
1471,833,1834,2026-04-28 03:21:45,4775
1472,765,768,2026-04-24 06:41:49,4778
1473,138,1512,2025-10-04 03:00:33,4779
1474,1561,1832,2026-06-03 21:17:01,4780
1475,71,1389,2026-02-24 12:53:58,4781
1476,444,457,2026-04-02 23:21:41,4788
1477,56,1484,2026-02-18 08:47:18,4789
1478,1078,1932,2026-03-17 12:11:46,4790
1479,163,1391,2026-03-26 13:12:35,4792
1480,291,528,2025-12-30 07:16:34,4793
1481,861,1300,2025-07-07 12:32:42,4794
1482,732,1717,2026-04-12 01:38:04,4798
1483,826,1343,2026-05-31 07:33:20,4802
1484,667,771,2026-01-05 10:00:59,4808
1485,665,1102,2026-06-08 06:00:18,4809
1486,32,784,2025-09-28 15:16:14,4812
1487,497,1209,2026-06-07 14:43:02,4820
1488,1175,1405,2025-11-07 23:27:15,4821
1489,1891,1999,2025-10-11 21:12:33,4823
1490,1145,1527,2025-12-11 06:18:43,4828
1491,500,592,2025-10-17 02:16:24,4830
1492,779,1113,2026-05-29 10:55:21,4831
1493,1022,1117,2026-06-05 13:04:02,4833
1494,128,1116,2025-11-30 15:19:41,4847
1495,569,627,2026-05-09 03:30:21,4853
1496,327,1888,2026-04-12 02:48:04,4854
1497,207,451,2025-08-21 05:49:42,4855
1498,130,785,2025-05-07 07:09:24,4860
1499,651,1330,2026-03-28 18:34:28,4864
1500,41,1701,2025-11-15 02:26:07,4866
1501,684,1934,2025-09-14 07:21:43,4868
1502,959,1910,2025-12-22 08:14:15,4870
1503,1300,1372,2025-06-22 21:49:21,4875
1504,1238,1622,2026-05-02 19:01:58,4877
1505,923,1517,2025-08-25 16:32:08,4881
1506,747,847,2025-07-24 00:19:36,4882
1507,942,1887,2026-03-04 02:58:33,4885
1508,636,1280,2026-05-28 15:34:00,4887
1509,782,924,2026-01-16 23:47:42,4890
1510,365,1262,2026-04-03 18:46:58,4892
1511,275,1666,2026-06-09 10:52:43,4893
1512,262,527,2026-06-11 03:09:26,4897
1513,321,1655,2026-04-29 02:22:10,4898
1514,1621,1710,2026-05-30 17:34:12,4903
1515,556,1799,2026-02-25 15:14:56,4904
1516,105,712,2026-04-18 07:39:14,4906
1517,85,264,2025-11-11 05:40:14,4909
1518,485,514,2025-08-02 14:41:37,4910
1519,1025,1369,2026-06-03 16:25:57,4913
1520,361,732,2026-06-10 08:59:56,4914
1521,57,1891,2026-02-03 23:44:28,4917
1522,176,997,2026-03-19 19:23:42,4918
1523,641,666,2026-02-20 02:28:15,4920
1524,484,1111,2025-12-12 13:39:04,4921
1525,359,1522,2024-07-02 22:28:34,4923
1526,233,924,2025-12-20 01:28:43,4926
1527,655,772,2025-08-08 00:46:52,4930
1528,298,1996,2026-04-21 10:22:56,4933
1529,18,291,2026-04-03 03:36:56,4934
1530,194,350,2024-12-29 07:12:53,4935
1531,1011,1944,2025-10-28 03:30:01,4937
1532,2,476,2025-07-15 08:42:16,4938
1533,104,1039,2026-04-29 06:39:00,4940
1534,355,1852,2025-05-08 16:19:28,4942
1535,231,382,2026-01-29 04:54:19,4943
1536,926,1278,2026-05-04 10:22:15,4946
1537,308,1699,2026-03-15 05:29:49,4957
1538,112,1884,2026-06-06 04:09:01,4961
1539,1621,1632,2026-04-22 12:48:38,4962
1540,743,1932,2025-12-01 22:59:44,4965
1541,1172,1428,2026-02-07 22:49:28,4968
1542,1687,1919,2026-05-28 20:13:03,4969
1543,1013,1280,2026-06-09 12:55:09,4970
1544,419,816,2026-01-26 10:44:33,4973
1545,335,1891,2026-03-18 13:04:21,4978
1546,325,1009,2024-09-12 01:15:26,4979
1547,1198,1813,2024-09-13 23:51:01,4985
1548,1159,1917,2026-03-23 01:10:34,4991
1549,1793,1868,2024-01-14 04:26:15,4996
1550,1092,1844,2026-03-20 23:01:55,4998
1551,1307,1687,2026-06-04 17:05:00,4999
1552,150,1665,2026-05-03 01:06:15,5001
1553,372,1508,2025-04-13 23:52:55,5002
1554,1485,1845,2026-06-08 15:43:11,5003
1555,567,760,2026-06-05 16:25:52,5005
1556,1766,1844,2026-01-18 16:12:19,5008
1557,8,1104,2026-03-03 13:16:23,5010
1558,624,1745,2026-05-03 16:41:46,5013
1559,55,1891,2026-05-23 16:05:13,5014
1560,18,850,2025-08-26 15:49:32,5017
1561,1034,1087,2025-12-29 06:13:01,5018
1562,75,1804,2024-07-17 17:04:48,5023
1563,1742,1919,2025-05-11 23:55:01,5026
1564,66,650,2025-11-19 00:33:17,5028
1565,482,1466,2026-02-22 16:11:55,5029
1566,982,1162,2026-04-19 21:56:15,5033
1567,262,1711,2026-03-01 23:07:07,5037
1568,72,1001,2025-08-26 22:57:02,5044
1569,811,1559,2026-05-20 03:36:17,5045
1570,1258,1715,2026-02-08 07:44:12,5047
1571,1533,1614,2025-03-30 16:40:35,5054
1572,250,1027,2026-05-30 21:35:44,5056
1573,551,1367,2026-03-18 09:28:30,5060
1574,98,1437,2026-05-28 09:16:21,5063
1575,111,1725,2024-09-22 18:33:37,5067
1576,762,837,2026-06-07 13:44:13,5072
1577,421,1156,2026-05-04 17:41:57,5073
1578,82,1560,2026-06-07 06:09:44,5074
1579,123,716,2025-12-12 08:52:25,5075
1580,1834,1926,2026-06-04 21:33:18,5081
1581,185,1467,2024-06-01 18:38:07,5083
1582,676,1901,2025-04-22 11:45:51,5084
1583,1745,1945,2026-02-01 22:58:52,5088
1584,1390,1393,2025-09-06 00:44:46,5090
1585,553,1709,2025-01-09 15:39:58,5096
1586,1845,1954,2024-12-30 21:06:17,5101
1587,781,1441,2026-03-14 07:55:57,5103
1588,503,1561,2026-03-30 10:55:00,5106
1589,742,1284,2026-04-06 13:08:46,5108
1590,52,1026,2024-11-25 10:16:09,5109
1591,765,1189,2026-01-24 06:48:18,5116
1592,396,694,2026-05-12 16:54:12,5118
1593,223,377,2023-10-25 11:50:04,5120
1594,473,1397,2025-07-13 06:59:35,5123
1595,1105,1529,2025-12-27 12:49:38,5125
1596,795,1481,2024-12-21 20:20:47,5127
1597,580,828,2025-08-20 04:42:26,5129
1598,282,981,2026-05-23 23:07:48,5137
1599,704,1277,2025-08-28 23:44:00,5139
1600,1330,1894,2026-05-20 17:08:59,5140
1601,1600,1941,2025-12-23 11:18:41,5145
1602,1223,1276,2024-08-21 11:18:31,5151
1603,610,1312,2026-06-08 13:37:15,5152
1604,13,1794,2026-05-28 17:03:51,5154
1605,376,795,2026-02-28 23:30:18,5155
1606,4,1986,2025-07-24 06:01:43,5158
1607,389,466,2024-12-16 11:32:33,5161
1608,1093,1130,2026-03-05 08:50:35,5162
1609,561,863,2026-04-25 10:46:25,5165
1610,1311,1674,2025-06-24 23:12:19,5168
1611,38,1896,2026-02-17 12:33:49,5175
1612,192,1316,2026-06-03 15:19:24,5178
1613,383,1458,2025-03-02 23:22:21,5179
1614,719,1411,2025-05-01 04:14:37,5182
1615,536,1704,2025-12-16 12:27:58,5186
1616,492,1759,2024-11-07 22:14:57,5187
1617,374,1763,2025-07-22 21:33:29,5189
1618,420,1394,2026-05-24 03:18:51,5190
1619,96,594,2025-09-10 12:52:03,5202
1620,1565,1620,2026-05-24 22:17:16,5204
1621,1236,1839,2025-11-15 21:54:36,5206
1622,586,1926,2026-05-09 11:24:58,5207
1623,341,1656,2023-08-27 17:10:04,5208
1624,123,605,2025-12-10 05:37:15,5212
1625,1486,1915,2026-03-05 17:18:09,5213
1626,1698,1869,2026-05-18 19:24:00,5216
1627,726,1837,2025-03-16 18:19:23,5217
1628,355,600,2025-05-15 07:23:45,5224
1629,320,1957,2026-04-29 21:21:43,5226
1630,650,1140,2026-01-24 01:45:56,5228
1631,1286,1982,2026-03-25 05:09:33,5229
1632,627,1193,2026-05-11 23:04:03,5237
1633,1718,1873,2025-11-25 04:12:17,5239
1634,272,1363,2026-05-19 18:00:27,5240
1635,1184,1924,2025-01-06 21:40:36,5247
1636,1514,1713,2026-02-13 01:54:23,5249
1637,652,1955,2026-05-05 20:25:12,5251
1638,97,137,2024-07-19 05:10:10,5263
1639,1018,1379,2026-01-13 14:44:00,5264
1640,462,879,2026-03-08 15:47:10,5270
1641,531,1711,2025-04-08 20:54:34,5275
1642,92,1361,2026-04-18 14:08:19,5276
1643,880,1013,2025-11-23 06:54:11,5281
1644,349,1835,2026-05-26 16:52:12,5283
1645,383,740,2025-06-07 12:59:06,5285
1646,991,1126,2026-06-06 12:31:28,5291
1647,430,1444,2026-06-08 12:54:14,5301
1648,623,1558,2026-05-06 23:57:05,5306
1649,533,1465,2026-02-06 18:36:03,5307
1650,946,953,2025-05-18 14:26:32,5308
1651,575,645,2026-04-15 00:28:57,5309
1652,507,1763,2025-09-06 14:53:56,5311
1653,129,1194,2024-12-27 01:28:15,5318
1654,824,1855,2025-04-02 05:37:20,5322
1655,71,417,2026-01-12 15:51:27,5327
1656,164,300,2025-05-15 08:43:16,5329
1657,818,1708,2025-07-18 18:59:48,5330
1658,92,1120,2026-05-26 22:06:36,5331
1659,163,623,2026-02-01 08:36:16,5336
1660,1327,1413,2025-06-13 14:18:13,5341
1661,608,1504,2026-06-08 11:30:09,5345
1662,309,386,2026-03-20 16:19:58,5351
1663,30,533,2026-04-11 21:52:36,5356
1664,274,1282,2026-01-06 00:13:48,5364
1665,460,647,2025-07-22 03:24:18,5374
1666,139,142,2026-05-17 07:41:13,5376
1667,54,1528,2026-06-10 01:42:26,5379
1668,300,1343,2026-06-05 16:53:48,5386
1669,676,1072,2025-10-22 09:27:55,5392
1670,1203,1471,2026-05-17 05:58:35,5399
1671,756,919,2026-03-08 22:55:04,5401
1672,366,1287,2026-01-25 07:30:56,5402
1673,836,1310,2026-02-06 03:07:43,5409
1674,374,525,2026-06-07 14:11:20,5410
1675,465,640,2026-06-11 02:16:01,5411
1676,202,1403,2026-05-27 15:35:55,5414
1677,1088,1501,2025-04-17 09:28:30,5415
1678,185,1688,2025-09-10 06:12:34,5419
1679,416,1634,2026-06-03 21:06:06,5424
1680,1699,1878,2025-09-03 02:35:42,5428
1681,593,1930,2025-07-29 16:12:37,5439
1682,407,844,2024-10-12 07:39:13,5440
1683,352,540,2025-01-29 21:41:42,5445
1684,1841,1935,2026-06-11 03:36:54,5446
1685,718,1392,2026-01-30 20:22:28,5448
1686,581,1117,2025-11-05 04:21:16,5449
1687,1753,1979,2026-03-26 02:12:02,5450
1688,257,1101,2026-04-04 14:09:28,5454
1689,137,1481,2024-11-06 05:10:51,5458
1690,29,1993,2026-02-28 18:12:14,5462
1691,507,813,2025-02-05 17:05:58,5463
1692,1195,1344,2026-05-22 06:36:15,5464
1693,188,1656,2025-10-12 15:19:45,5471
1694,243,1483,2025-08-30 13:08:59,5474
1695,1187,1391,2024-12-15 11:17:52,5476
1696,146,242,2025-01-11 19:27:29,5478
1697,453,1837,2024-10-21 22:07:49,5481
1698,446,1416,2025-06-08 00:07:25,5485
1699,109,1693,2026-04-13 10:15:51,5498
1700,360,661,2025-08-14 11:18:20,5499
1701,577,1301,2026-05-13 00:40:33,5501
1702,1006,1900,2026-06-07 22:10:24,5503
1703,180,1299,2025-02-18 04:09:36,5504
1704,303,355,2025-12-15 21:08:16,5506
1705,1130,1611,2025-12-05 07:23:17,5510
1706,878,1962,2025-04-18 09:10:48,5512
1707,511,983,2026-05-10 22:39:39,5516
1708,668,1841,2025-09-03 08:07:41,5517
1709,105,636,2026-06-05 14:39:15,5523
1710,457,587,2026-03-30 14:38:31,5524
1711,712,1536,2026-05-09 10:12:20,5528
1712,87,1538,2026-02-26 00:34:26,5530
1713,1041,1687,2026-06-09 20:57:03,5533
1714,150,1174,2025-08-08 01:24:57,5540
1715,375,1943,2024-12-07 03:11:15,5543
1716,22,1619,2025-11-09 08:32:35,5544
1717,274,1396,2026-01-23 07:25:25,5548
1718,711,1460,2025-07-19 23:56:36,5549
1719,531,1367,2026-02-17 18:58:39,5555
1720,769,1733,2025-05-20 01:15:12,5563
1721,550,1012,2025-12-15 16:55:57,5569
1722,75,1603,2026-06-09 12:03:24,5574
1723,564,1998,2025-12-09 18:56:46,5587
1724,607,1054,2026-05-23 04:16:11,5589
1725,481,602,2026-06-08 10:13:01,5596
1726,347,459,2025-03-11 04:01:19,5609
1727,231,1733,2025-05-17 12:18:37,5612
1728,1089,1555,2025-09-27 11:47:24,5616
1729,844,1982,2026-05-17 04:46:24,5617
1730,603,841,2026-04-06 04:12:34,5619
1731,29,1268,2026-06-11 11:42:07,5627
1732,317,1338,2024-04-04 11:36:35,5628
1733,1656,1714,2025-11-30 23:21:30,5629
1734,705,722,2026-05-04 05:43:23,5630
1735,1108,1753,2026-01-09 07:05:37,5631
1736,184,1015,2026-03-31 02:15:36,5634
1737,6,95,2026-01-01 10:26:23,5636
1738,823,1945,2025-08-11 18:59:35,5639
1739,485,700,2026-06-11 06:32:34,5644
1740,341,443,2026-04-05 15:41:36,5655
1741,37,1877,2026-06-07 13:39:21,5656
1742,398,1463,2025-12-11 00:10:31,5658
1743,202,1719,2025-10-02 05:49:11,5662
1744,888,1426,2026-04-10 18:37:02,5663
1745,193,1682,2026-06-06 08:07:45,5673
1746,5,1083,2025-04-13 22:46:18,5678
1747,1008,1209,2025-09-14 01:03:58,5681
1748,1164,1821,2025-09-14 06:07:19,5684
1749,339,1174,2025-02-11 03:18:49,5688
1750,560,1610,2025-12-30 10:03:30,5689
1751,499,888,2026-02-06 03:22:29,5691
1752,70,915,2025-09-18 23:02:44,5693
1753,807,951,2025-12-21 23:41:03,5701
1754,519,1739,2026-04-14 00:51:24,5709
1755,1522,1997,2026-01-09 23:06:39,5711
1756,942,1886,2025-11-29 05:51:05,5713
1757,593,1857,2025-09-10 06:54:40,5714
1758,1813,1948,2026-05-04 02:49:38,5718
1759,729,863,2026-06-06 17:34:20,5720
1760,512,652,2026-06-06 05:47:13,5723
1761,658,1856,2025-12-15 19:01:23,5735
1762,1695,1767,2025-10-04 04:31:19,5741
1763,606,1486,2026-02-27 07:29:29,5742
1764,1055,1458,2025-09-10 20:05:49,5744
1765,955,1472,2026-04-18 21:00:11,5753
1766,387,1836,2026-05-23 01:07:45,5755
1767,372,733,2026-05-30 19:23:30,5759
1768,621,1146,2025-08-18 23:11:53,5760
1769,1125,1737,2026-04-09 14:51:35,5765
1770,619,1782,2025-09-30 23:29:35,5767
1771,875,1440,2025-12-26 22:20:52,5772
1772,773,1090,2026-01-23 15:43:41,5773
1773,1362,1803,2026-06-02 21:01:59,5774
1774,395,1059,2026-02-07 23:31:10,5777
1775,434,1588,2026-06-07 10:45:42,5779
1776,279,1748,2023-09-24 00:47:46,5782
1777,139,207,2026-03-20 04:28:13,5794
1778,1549,1900,2026-01-25 01:10:16,5796
1779,577,1273,2026-05-04 20:36:28,5798
1780,809,1272,2025-11-23 08:07:52,5799
1781,1242,1961,2025-07-08 20:25:40,5802
1782,778,1518,2025-11-07 06:10:38,5803
1783,174,916,2026-04-01 20:07:31,5804
1784,951,1839,2025-12-21 21:05:00,5806
1785,766,1952,2026-01-04 06:59:31,5807
1786,51,1327,2025-05-22 00:51:33,5813
1787,106,1205,2025-12-28 01:06:30,5815
1788,1187,1205,2026-03-18 13:44:40,5820
1789,429,1069,2024-12-16 06:31:07,5821
1790,1185,1724,2024-11-01 02:06:12,5832
1791,738,832,2025-10-26 06:48:17,5833
1792,670,1896,2026-01-27 11:43:05,5834
1793,1183,1462,2026-02-24 00:30:22,5835
1794,1264,1492,2026-01-04 08:56:07,5836
1795,1496,1685,2025-06-13 16:48:28,5841
1796,1800,1875,2024-04-09 11:39:57,5845
1797,868,907,2025-11-07 20:35:33,5851
1798,174,321,2026-02-23 14:12:33,5853
1799,457,1438,2026-02-13 12:43:17,5856
1800,1405,1444,2025-12-21 06:20:04,5859
1801,631,1209,2025-09-20 21:01:32,5864
1802,633,1998,2025-05-10 16:41:23,5867
1803,62,1821,2024-07-04 22:15:35,5869
1804,504,819,2025-06-09 04:59:41,5871
1805,1014,1740,2026-04-30 14:25:46,5877
1806,464,1650,2025-12-20 04:10:43,5878
1807,1042,1478,2026-01-20 15:31:23,5879
1808,321,1163,2025-12-06 05:28:53,5880
1809,108,1750,2024-08-12 03:47:42,5883
1810,347,432,2025-10-07 00:00:45,5886
1811,348,1118,2025-11-24 03:37:00,5888
1812,205,1775,2026-05-26 19:37:36,5889
1813,559,1674,2025-06-17 21:43:15,5890
1814,803,1893,2025-11-26 02:00:39,5892
1815,1942,1955,2026-05-29 20:40:48,5894
1816,920,1319,2026-01-10 06:21:00,5895
1817,442,1787,2025-02-16 17:56:05,5896
1818,358,1843,2026-03-03 18:27:30,5898
1819,1066,1469,2026-03-23 16:10:11,5906
1820,151,786,2026-05-19 07:36:38,5912
1821,1371,1524,2025-09-18 00:14:59,5925
1822,1319,1396,2025-08-01 07:56:36,5930
1823,1227,1398,2026-01-22 14:23:10,5932
1824,31,730,2026-03-24 16:18:48,5933
1825,126,863,2026-05-26 06:24:48,5935
1826,70,717,2026-05-19 22:08:04,5936
1827,1583,1871,2026-02-15 12:27:23,5937
1828,962,1715,2023-10-10 12:10:25,5939
1829,132,1986,2026-02-16 05:18:45,5951
1830,484,560,2025-09-19 13:57:03,5966
1831,57,752,2025-04-22 16:51:38,5969
1832,1194,1439,2025-07-08 20:04:15,5970
1833,299,945,2025-11-25 19:12:13,5976
1834,643,701,2026-05-27 06:51:32,5978
1835,321,996,2026-05-30 21:52:04,5980
1836,115,849,2025-12-05 15:21:56,5982
1837,1367,1588,2025-12-24 16:31:00,5983
1838,1284,1336,2025-10-14 12:09:26,5984
1839,554,1521,2024-08-30 19:19:26,5990
1840,35,945,2025-04-05 07:08:24,5992
1841,518,1842,2025-10-29 00:35:42,5993
1842,92,631,2026-04-21 00:32:28,5998
1843,900,1504,2026-05-09 16:00:19,6000
1844,229,1728,2026-05-22 07:38:28,6008
1845,434,1909,2025-04-16 20:38:04,6009
1846,84,680,2026-04-27 02:07:31,6012
1847,719,1385,2025-09-21 12:46:11,6013
1848,334,1470,2025-10-22 05:23:46,6018
1849,337,1232,2026-05-10 11:39:37,6021
1850,289,944,2026-02-12 03:06:50,6024
1851,123,1505,2026-04-09 00:28:59,6027
1852,355,1125,2025-12-16 02:24:25,6036
1853,927,1643,2026-04-01 22:16:00,6041
1854,325,1671,2024-02-06 00:33:36,6043
1855,1178,1836,2026-04-28 04:44:42,6058
1856,1700,1760,2025-12-01 12:37:21,6059
1857,224,1553,2025-01-14 15:58:23,6063
1858,1006,1607,2026-05-31 09:53:17,6067
1859,287,333,2025-05-27 12:22:34,6071
1860,416,985,2026-06-11 09:36:22,6074
1861,1671,1912,2025-02-28 18:40:13,6076
1862,1280,1960,2026-06-02 05:18:37,6081
1863,366,1743,2026-06-08 15:20:02,6082
1864,449,1194,2026-05-18 12:18:19,6089
1865,308,965,2025-05-06 00:15:16,6093
1866,73,713,2026-06-08 03:47:29,6098
1867,637,1223,2025-10-14 15:51:30,6103
1868,1383,1454,2026-06-03 21:02:52,6108
1869,1676,1688,2026-04-29 16:36:59,6111
1870,166,1921,2026-02-13 14:07:38,6114
1871,355,1990,2026-05-19 10:49:37,6115
1872,1011,1934,2026-05-15 03:33:23,6122
1873,1062,1583,2025-08-27 01:52:32,6130
1874,702,857,2026-02-07 01:10:03,6139
1875,567,1031,2026-05-15 14:44:45,6140
1876,1012,1175,2026-01-18 03:46:18,6142
1877,1266,1678,2026-01-14 04:50:16,6145
1878,807,1451,2026-04-30 00:03:38,6148
1879,1679,1706,2024-12-30 21:22:34,6150
1880,798,832,2024-12-12 07:44:54,6154
1881,140,1759,2025-10-26 18:15:54,6158
1882,311,1682,2026-06-09 10:25:57,6159
1883,1080,1315,2026-02-28 18:18:36,6160
1884,781,904,2026-01-07 21:41:51,6162
1885,592,1336,2026-06-03 07:06:58,6163
1886,817,1072,2025-11-04 08:13:46,6168
1887,151,735,2025-12-18 02:40:47,6171
1888,167,599,2025-09-09 03:15:24,6172
1889,288,1821,2026-04-17 00:54:06,6173
1890,500,884,2023-12-25 23:00:34,6174
1891,336,1078,2025-06-21 14:36:33,6178
1892,243,1334,2025-10-19 22:15:14,6181
1893,1755,1832,2025-07-17 04:39:03,6185
1894,192,460,2026-01-16 18:56:33,6186
1895,1164,1677,2026-03-18 05:54:30,6187
1896,367,745,2025-09-05 04:00:31,6199
1897,927,1306,2025-12-13 05:00:57,6201
1898,84,1349,2026-05-21 04:50:02,6205
1899,121,1130,2026-04-07 08:36:09,6207
1900,21,1296,2026-04-02 00:42:14,6208
1901,1103,1592,2026-05-07 11:09:08,6214
1902,542,1695,2025-12-27 17:32:48,6218
1903,976,1407,2025-11-28 13:11:38,6222
1904,35,596,2025-05-12 03:00:02,6224
1905,848,1855,2026-02-23 12:13:51,6225
1906,103,1381,2025-05-28 16:41:56,6227
1907,71,581,2025-10-30 00:32:54,6228
1908,817,1069,2024-11-24 19:44:50,6231
1909,744,1534,2026-01-15 01:15:47,6232
1910,206,1952,2026-05-17 18:52:44,6234
1911,267,1905,2025-08-22 01:04:03,6236
1912,235,727,2026-05-31 07:36:48,6241
1913,1643,1754,2026-03-31 08:10:09,6245
1914,1572,1626,2023-12-03 15:36:37,6247
1915,471,945,2025-09-27 09:47:22,6252
1916,892,901,2026-05-18 05:05:52,6258
1917,133,871,2026-01-24 22:09:24,6264
1918,811,1953,2026-02-05 07:05:28,6266
1919,1113,1435,2025-11-11 23:37:37,6269
1920,1259,1720,2026-01-10 13:18:35,6275
1921,648,1551,2025-07-20 19:23:40,6276
1922,640,1271,2026-06-08 20:36:45,6281
1923,1660,1724,2025-10-01 06:33:23,6283
1924,475,694,2025-10-05 08:32:14,6286
1925,276,1593,2024-03-13 13:20:49,6296
1926,494,1039,2026-06-11 09:23:47,6297
1927,482,1415,2025-12-21 23:37:44,6299
1928,233,1862,2026-06-09 15:25:45,6303
1929,26,1829,2026-05-16 23:59:33,6315
1930,1540,1827,2026-03-19 05:36:12,6316
1931,63,1910,2025-05-07 19:40:19,6320
1932,868,1450,2026-03-05 23:18:44,6331
1933,563,1653,2025-11-02 09:32:19,6338
1934,1208,1226,2026-01-16 05:10:52,6340
1935,1251,1972,2026-05-01 21:38:19,6342
1936,110,368,2024-07-15 22:38:17,6348
1937,408,937,2026-05-25 00:01:46,6350
1938,858,1583,2026-06-04 04:10:46,6351
1939,274,1044,2026-06-09 16:22:55,6352
1940,671,1747,2025-12-14 00:09:44,6356
1941,477,1573,2025-02-06 13:52:40,6360
1942,842,985,2026-04-07 23:51:32,6361
1943,1008,1510,2025-08-17 12:34:02,6362
1944,259,1124,2025-11-21 11:47:47,6364
1945,297,857,2026-02-13 13:24:13,6365
1946,615,1999,2026-05-25 23:27:57,6373
1947,1154,1252,2024-01-30 18:23:09,6376
1948,38,468,2026-03-12 10:07:29,6383
1949,224,1364,2025-05-22 10:57:14,6385
1950,18,29,2025-09-01 22:32:34,6387
1951,57,1031,2026-04-09 22:33:23,6393
1952,1000,1781,2025-08-04 16:24:46,6398
1953,7,1072,2025-11-30 11:08:15,6403
1954,673,1506,2025-12-09 01:04:15,6404
1955,643,1139,2026-04-13 20:27:49,6411
1956,1602,1619,2026-05-16 21:16:39,6413
1957,738,1137,2025-05-29 03:28:49,6414
1958,907,1645,2026-06-05 15:28:00,6421
1959,206,863,2026-05-10 10:18:02,6424
1960,215,1314,2026-05-20 16:59:10,6429
1961,501,1978,2025-11-26 12:03:42,6430
1962,772,948,2026-05-15 12:55:39,6431
1963,742,1246,2025-10-21 06:43:25,6432
1964,379,1746,2025-09-30 14:42:54,6433
1965,239,569,2024-03-25 14:26:37,6434
1966,751,1224,2025-03-07 22:50:28,6439
1967,42,163,2025-09-27 23:06:46,6441
1968,517,1578,2026-06-01 12:04:37,6445
1969,297,1598,2025-10-25 09:44:23,6448
1970,520,576,2026-03-27 07:39:10,6457
1971,300,1679,2025-07-21 04:06:43,6460
1972,571,1885,2025-07-21 11:50:39,6463
1973,574,1097,2025-04-30 20:32:15,6464
1974,529,1078,2026-02-16 07:22:30,6467
1975,1132,1661,2026-01-30 07:33:13,6468
1976,888,972,2025-11-28 15:49:49,6470
1977,204,271,2025-12-28 09:08:57,6479
1978,1365,1786,2025-10-25 00:53:57,6481
1979,213,1306,2025-07-04 02:40:20,6482
1980,1550,1740,2026-04-16 15:56:47,6484
1981,1106,1725,2025-12-21 15:01:52,6485
1982,427,1523,2025-07-09 02:03:57,6491
