payment_id,user_id,subscription_id,amount_inr,method,status,created_at
1,1,,2499,Card,failed,2025-12-25 07:20:27
2,1,1,2499,Card,success,2025-12-25 07:50:27
3,4,,2499,NetBanking,failed,2023-10-07 12:13:11
4,4,,2499,UPI,failed,2023-10-07 12:20:11
5,4,2,2499,NetBanking,success,2023-10-07 12:27:11
6,6,3,2499,UPI,success,2025-07-14 08:38:27
7,6,,2499,UPI,failed,2026-02-02 02:23:34
8,6,,2499,Wallet,failed,2026-02-02 01:31:34
9,6,4,2499,UPI,success,2026-02-02 02:30:34
10,6,5,999,UPI,success,2026-06-08 03:06:29
11,8,6,999,UPI,success,2026-01-30 21:18:55
12,8,7,999,UPI,success,2026-03-15 03:38:37
13,9,8,2499,UPI,success,2026-03-25 05:05:30
14,11,,999,UPI,failed,2024-08-15 14:47:53
15,11,,999,Card,failed,2024-08-15 15:12:53
16,11,9,999,UPI,success,2024-08-15 15:21:53
17,11,10,2499,UPI,success,2025-01-16 04:49:19
18,16,11,999,UPI,success,2024-05-15 04:16:03
19,17,12,2499,UPI,success,2025-09-09 06:09:11
20,17,,2499,Card,failed,2026-02-16 18:12:29
21,17,,2499,UPI,failed,2026-02-16 18:25:29
22,17,13,2499,UPI,success,2026-02-16 19:06:29
23,19,14,4499,NetBanking,success,2025-07-14 23:59:21
24,19,15,999,Card,success,2026-03-08 12:59:05
25,19,,4499,UPI,failed,2026-06-01 13:41:51
26,19,16,4499,UPI,success,2026-06-01 14:12:51
27,22,17,2499,Card,success,2025-10-19 13:51:26
28,23,,999,NetBanking,failed,2024-05-14 20:13:23
29,23,18,999,UPI,success,2024-05-14 20:57:23
30,24,19,4499,NetBanking,success,2024-01-24 14:57:33
31,25,20,2499,Card,refunded,2025-07-09 05:53:42
32,25,21,2499,UPI,success,2026-01-03 07:22:24
33,27,22,999,UPI,success,2025-06-27 09:15:57
34,27,,2499,Wallet,failed,2026-01-27 18:37:47
35,27,23,2499,Card,refunded,2026-01-27 19:08:47
36,29,24,999,Card,success,2025-07-16 07:13:12
37,29,25,2499,Card,success,2025-10-15 01:00:46
38,32,26,2499,UPI,success,2024-06-09 11:26:23
39,37,27,999,UPI,success,2024-04-17 13:32:11
40,39,28,2499,UPI,success,2025-05-04 13:24:32
41,39,,2499,NetBanking,failed,2025-10-19 21:07:45
42,39,29,2499,Card,refunded,2025-10-19 21:23:45
43,44,30,999,UPI,success,2025-04-17 04:31:28
44,44,,2499,UPI,failed,2025-10-15 06:42:29
45,44,,2499,UPI,failed,2025-10-15 06:50:29
46,44,31,2499,UPI,success,2025-10-15 06:55:29
47,45,32,2499,UPI,success,2025-05-09 21:00:12
48,51,33,2499,Wallet,success,2023-08-22 18:58:03
49,52,34,2499,UPI,success,2024-03-07 06:12:29
50,52,35,2499,NetBanking,success,2024-12-21 01:58:00
51,53,36,2499,UPI,success,2025-10-07 13:45:53
52,53,,2499,UPI,failed,2026-04-20 15:44:32
53,53,37,2499,UPI,success,2026-04-20 16:32:32
54,58,38,2499,UPI,success,2024-02-19 03:58:27
55,58,39,2499,Card,success,2024-10-29 11:57:01
56,64,,999,UPI,failed,2025-04-26 20:01:29
57,64,40,999,Card,success,2025-04-26 20:51:29
58,65,41,4499,Card,success,2024-12-26 17:25:42
59,65,42,4499,UPI,success,2025-08-11 11:26:51
60,67,43,999,UPI,success,2023-12-25 01:03:34
61,71,44,4499,UPI,refunded,2025-02-27 01:42:54
62,74,,999,UPI,failed,2026-06-03 14:14:28
63,74,45,999,UPI,refunded,2026-06-03 14:17:28
64,83,46,4499,UPI,refunded,2024-07-16 14:46:20
65,86,47,2499,UPI,success,2023-07-07 07:09:55
66,87,48,2499,Card,success,2025-10-07 01:23:34
67,88,49,4499,NetBanking,success,2025-01-02 07:05:25
68,88,50,999,UPI,success,2025-08-28 00:30:39
69,89,51,999,Card,success,2026-04-24 23:01:17
70,90,,999,UPI,failed,2023-09-13 06:22:15
71,90,52,999,UPI,success,2023-09-13 06:31:15
72,90,53,999,UPI,success,2024-01-12 10:12:30
73,94,54,999,Card,success,2026-01-14 07:45:22
74,95,55,4499,Card,success,2023-12-13 13:11:05
75,96,,2499,Card,failed,2024-11-20 09:09:47
76,96,,2499,Card,failed,2024-11-20 08:42:47
77,96,56,2499,UPI,success,2024-11-20 09:40:47
78,97,57,999,Wallet,success,2023-09-04 02:39:31
79,98,58,999,UPI,success,2026-06-08 20:16:15
80,100,59,2499,Card,success,2025-12-19 22:28:57
81,103,60,2499,Card,refunded,2025-02-03 10:59:39
82,103,61,999,Card,success,2025-10-09 18:41:27
83,107,62,999,UPI,success,2023-08-19 13:32:25
84,108,63,999,UPI,success,2023-12-10 07:12:55
85,110,64,2499,UPI,success,2023-11-07 16:28:48
86,110,65,999,UPI,success,2024-08-03 06:21:54
87,111,66,999,UPI,success,2023-12-10 13:05:53
88,113,67,999,Wallet,success,2026-05-04 11:10:30
89,116,68,2499,UPI,success,2024-05-30 08:59:47
90,117,69,4499,UPI,success,2024-10-04 08:56:15
91,117,,2499,Card,failed,2025-09-04 20:23:13
92,117,70,2499,Card,success,2025-09-04 21:01:13
93,117,71,2499,UPI,success,2026-02-05 04:03:39
94,121,,2499,UPI,failed,2025-08-03 17:20:25
95,121,72,2499,UPI,success,2025-08-03 17:35:25
96,123,73,999,NetBanking,success,2024-12-09 21:11:00
97,126,74,999,NetBanking,success,2024-03-11 10:40:55
98,130,75,999,UPI,success,2023-09-28 04:02:55
99,130,76,2499,Card,success,2024-01-01 12:20:16
100,135,77,2499,Card,success,2023-11-24 11:23:47
101,135,78,2499,UPI,success,2024-03-04 03:44:31
102,136,79,4499,UPI,success,2025-11-18 10:17:14
103,137,80,999,NetBanking,success,2023-10-11 14:59:46
104,143,81,999,UPI,success,2023-12-07 13:42:08
105,145,82,999,UPI,success,2025-03-14 15:13:08
106,146,83,999,UPI,success,2024-10-12 08:47:45
107,152,84,2499,Card,success,2025-03-11 17:02:26
108,158,85,999,UPI,success,2023-08-26 01:46:04
109,158,,999,Card,failed,2023-12-27 10:55:21
110,158,,999,UPI,failed,2023-12-27 10:19:21
111,158,86,999,Card,success,2023-12-27 11:10:21
112,160,87,999,Wallet,success,2023-05-25 21:36:33
113,160,,2499,UPI,failed,2023-09-10 13:08:02
114,160,,2499,NetBanking,failed,2023-09-10 13:12:02
115,160,88,2499,UPI,success,2023-09-10 13:50:02
116,160,,2499,Wallet,failed,2024-04-15 14:54:17
117,160,89,2499,NetBanking,success,2024-04-15 15:02:17
118,161,,2499,UPI,failed,2026-03-22 15:45:18
119,161,90,2499,UPI,success,2026-03-22 16:32:18
120,164,91,2499,Wallet,success,2023-09-10 00:04:56
121,166,92,999,UPI,success,2024-10-26 11:33:29
122,167,93,2499,UPI,success,2023-07-21 10:39:31
123,169,94,999,UPI,success,2025-03-04 04:32:24
124,173,95,999,NetBanking,success,2024-01-18 15:27:09
125,176,96,4499,UPI,refunded,2025-05-31 13:11:32
126,179,97,999,UPI,success,2026-06-07 14:16:57
127,182,98,2499,NetBanking,success,2025-12-22 08:41:17
128,182,99,999,UPI,success,2026-04-06 01:02:20
129,184,100,2499,Wallet,success,2024-06-14 16:41:28
130,187,101,2499,NetBanking,success,2026-04-08 17:07:01
131,189,102,2499,UPI,success,2023-11-23 16:13:47
132,189,103,2499,UPI,success,2024-04-21 20:35:51
133,190,104,999,UPI,success,2025-05-01 18:34:29
134,190,105,999,UPI,success,2025-06-21 10:33:32
135,190,,2499,UPI,failed,2025-10-19 07:55:01
136,190,106,2499,NetBanking,success,2025-10-19 08:32:01
137,198,107,4499,Card,success,2026-06-03 06:00:00
138,199,108,2499,NetBanking,success,2024-11-22 01:49:24
139,200,109,2499,Card,success,2026-02-26 02:40:19
140,201,110,2499,NetBanking,success,2024-11-11 01:35:14
141,201,111,999,UPI,success,2025-03-16 10:24:56
142,201,112,4499,UPI,success,2025-06-24 14:38:16
143,203,113,999,UPI,success,2023-10-23 05:40:40
144,204,114,999,UPI,success,2025-07-30 20:55:01
145,206,,4499,UPI,failed,2026-06-11 07:34:56
146,206,,4499,UPI,failed,2026-06-11 07:24:56
147,206,115,4499,UPI,success,2026-06-11 08:20:56
148,207,,4499,Card,failed,2024-12-15 05:28:52
149,207,,4499,UPI,failed,2024-12-15 06:15:52
150,207,116,4499,NetBanking,success,2024-12-15 06:27:52
151,207,,4499,UPI,failed,2025-12-03 21:34:35
152,207,,4499,UPI,failed,2025-12-03 21:37:35
153,207,117,4499,Card,success,2025-12-03 22:04:35
154,207,118,999,UPI,success,2026-06-04 02:58:17
155,211,,2499,NetBanking,failed,2026-05-17 16:59:19
156,211,119,2499,UPI,success,2026-05-17 17:43:19
157,212,120,999,Wallet,refunded,2026-05-28 18:08:59
158,213,121,999,UPI,success,2024-06-23 00:40:14
159,213,122,2499,UPI,success,2024-09-03 01:36:57
160,213,123,2499,Card,success,2025-01-19 01:03:23
161,215,124,2499,UPI,success,2024-07-01 11:31:36
162,216,,999,UPI,failed,2026-05-23 14:21:09
163,216,125,999,Card,success,2026-05-23 14:43:09
164,224,126,2499,UPI,success,2024-12-08 12:23:47
165,224,127,999,UPI,success,2025-04-23 10:22:39
166,227,128,999,UPI,success,2025-11-22 09:38:18
167,228,129,2499,UPI,success,2023-06-14 11:50:24
168,228,130,4499,Wallet,success,2023-11-25 17:49:08
169,228,131,4499,Wallet,success,2024-08-16 13:21:50
170,229,132,2499,Wallet,success,2025-06-29 04:16:25
171,229,133,999,UPI,success,2026-03-10 11:38:45
172,234,134,999,UPI,success,2024-09-05 20:50:54
173,234,135,999,UPI,success,2024-12-26 12:37:19
174,236,136,2499,UPI,success,2024-02-09 06:12:13
175,236,137,2499,UPI,success,2024-07-25 03:36:29
176,237,,4499,Wallet,failed,2025-04-19 06:01:29
177,237,138,4499,UPI,success,2025-04-19 06:51:29
178,238,139,999,Card,success,2023-09-10 19:00:51
179,239,140,2499,UPI,success,2024-01-29 17:59:31
180,240,141,4499,UPI,success,2024-06-26 14:58:15
181,240,142,999,UPI,success,2025-04-26 01:14:36
182,240,143,2499,UPI,success,2025-09-02 16:09:36
183,245,144,999,Card,success,2024-07-12 11:49:13
184,246,145,2499,Card,success,2023-07-31 10:53:12
185,253,146,999,Card,success,2024-07-29 15:56:29
186,253,,4499,Card,failed,2025-02-13 23:47:25
187,253,147,4499,Card,success,2025-02-13 23:50:25
188,258,,2499,Wallet,failed,2026-03-31 21:41:00
189,258,148,2499,NetBanking,refunded,2026-03-31 21:59:00
190,260,149,999,NetBanking,success,2025-06-25 12:16:53
191,262,150,999,UPI,success,2023-05-23 21:28:39
192,264,151,2499,Wallet,success,2025-03-26 02:33:17
193,264,152,999,Card,success,2025-11-05 06:10:01
194,266,153,2499,Wallet,success,2025-03-25 23:17:54
195,267,154,2499,Wallet,success,2025-10-19 08:16:13
196,274,155,999,UPI,success,2023-12-15 15:28:06
197,274,156,999,NetBanking,success,2024-06-05 01:12:44
198,275,157,2499,UPI,success,2024-08-13 21:33:41
199,275,158,2499,Wallet,success,2025-01-06 22:27:41
200,275,159,2499,Card,success,2025-04-17 11:31:18
201,278,160,2499,NetBanking,success,2023-07-31 06:02:18
202,281,161,2499,UPI,success,2024-10-03 11:00:50
203,292,,999,Card,failed,2026-03-07 17:53:50
204,292,,999,UPI,failed,2026-03-07 17:58:50
205,292,162,999,Card,success,2026-03-07 18:41:50
206,295,163,4499,UPI,success,2023-10-06 15:10:37
207,295,164,999,UPI,success,2024-04-19 13:03:32
208,295,165,2499,NetBanking,success,2024-11-26 18:00:08
209,300,166,2499,UPI,success,2024-12-23 21:11:46
210,301,,999,NetBanking,failed,2026-03-03 03:23:41
211,301,167,999,UPI,success,2026-03-03 04:13:41
212,301,168,999,UPI,success,2026-05-06 18:45:26
213,303,169,999,Card,success,2026-04-28 23:32:14
214,306,170,4499,UPI,success,2024-12-16 22:22:26
215,307,171,2499,UPI,success,2024-03-21 18:22:53
216,312,172,999,UPI,success,2025-07-02 02:47:13
217,313,,4499,Wallet,failed,2025-11-14 01:53:14
218,313,,4499,UPI,failed,2025-11-14 02:23:14
219,313,173,4499,UPI,success,2025-11-14 02:33:14
220,313,174,4499,UPI,success,2026-05-30 03:35:12
221,319,175,4499,Card,success,2024-02-15 15:24:47
222,320,176,999,UPI,success,2025-09-15 12:48:27
223,323,177,4499,UPI,success,2023-07-05 01:33:21
224,323,178,2499,NetBanking,success,2024-01-03 09:39:08
225,324,179,4499,UPI,success,2025-01-10 19:27:10
226,326,180,4499,UPI,success,2023-12-29 17:07:58
227,328,,4499,UPI,failed,2024-04-07 19:02:00
228,328,181,4499,UPI,success,2024-04-07 19:18:00
229,329,182,2499,Card,success,2024-03-23 00:58:45
230,331,183,999,UPI,success,2025-01-22 09:01:55
231,333,184,999,UPI,success,2023-10-15 00:42:57
232,333,185,2499,UPI,success,2024-02-22 06:19:42
233,336,186,999,UPI,success,2023-05-28 11:05:07
234,340,,2499,UPI,failed,2023-07-29 07:21:28
235,340,187,2499,NetBanking,success,2023-07-29 08:10:28
236,341,188,999,UPI,success,2023-06-28 21:42:10
237,341,,999,Wallet,failed,2023-08-29 09:59:38
238,341,189,999,Card,success,2023-08-29 10:30:38
239,341,190,2499,Card,success,2023-12-23 19:42:19
240,342,191,2499,NetBanking,success,2023-12-24 07:28:32
241,342,192,999,UPI,success,2024-08-23 23:45:55
242,343,193,2499,UPI,success,2026-06-05 06:39:28
243,349,194,4499,UPI,success,2023-08-01 07:15:08
244,357,,2499,UPI,failed,2024-12-12 08:40:24
245,357,,2499,UPI,failed,2024-12-12 09:22:24
246,357,195,2499,UPI,success,2024-12-12 09:40:24
247,366,196,999,UPI,success,2025-10-16 16:40:39
248,366,197,999,Wallet,success,2025-12-24 02:21:36
249,375,198,4499,NetBanking,success,2024-10-16 16:33:24
250,377,199,4499,Wallet,success,2023-09-19 05:22:36
251,377,200,4499,UPI,success,2024-05-08 23:56:20
252,378,201,999,UPI,success,2024-05-22 11:46:06
253,382,202,2499,UPI,success,2023-11-14 12:51:08
254,384,203,999,UPI,success,2025-01-16 19:34:16
255,384,,999,UPI,failed,2025-05-29 11:46:31
256,384,204,999,UPI,success,2025-05-29 12:26:31
257,385,205,2499,UPI,success,2023-08-28 17:14:45
258,385,,2499,UPI,failed,2024-05-15 05:08:39
259,385,206,2499,UPI,success,2024-05-15 05:14:39
260,386,,2499,UPI,failed,2025-12-29 05:52:14
261,386,207,2499,Card,success,2025-12-29 06:43:14
262,386,208,4499,UPI,success,2026-04-02 16:20:11
263,387,209,4499,UPI,success,2025-08-20 03:23:04
264,390,,999,Card,failed,2023-04-03 07:52:32
265,390,210,999,UPI,success,2023-04-03 08:10:32
266,391,,999,Wallet,failed,2025-11-26 05:37:02
267,391,211,999,UPI,refunded,2025-11-26 05:56:02
268,394,,999,UPI,failed,2023-10-01 20:54:30
269,394,212,999,NetBanking,success,2023-10-01 21:03:30
270,397,213,2499,Card,success,2024-09-27 04:30:42
271,398,,2499,UPI,failed,2024-11-20 16:08:07
272,398,,2499,UPI,failed,2024-11-20 16:54:07
273,398,214,2499,Card,success,2024-11-20 17:02:07
274,399,215,999,UPI,success,2026-06-11 09:55:57
275,400,216,4499,UPI,success,2024-07-28 16:27:24
276,402,217,999,Wallet,success,2025-12-16 06:33:29
277,409,218,2499,Card,success,2025-08-28 14:12:34
278,410,,2499,UPI,failed,2023-03-30 11:12:34
279,410,219,2499,UPI,success,2023-03-30 11:32:34
280,411,,4499,Card,failed,2023-06-20 03:07:58
281,411,220,4499,Card,success,2023-06-20 03:21:58
282,412,,999,Card,failed,2025-01-30 20:16:10
283,412,221,999,UPI,success,2025-01-30 20:47:10
284,415,222,2499,UPI,success,2025-04-20 11:42:29
285,416,223,2499,UPI,success,2025-09-08 18:42:10
286,416,224,999,Wallet,success,2026-03-09 05:49:15
287,419,225,999,UPI,success,2025-12-25 17:25:06
288,419,226,2499,Card,success,2026-01-26 10:37:45
289,419,227,999,Card,success,2026-06-04 16:16:03
290,421,,999,Wallet,failed,2024-08-13 04:13:18
291,421,228,999,UPI,success,2024-08-13 05:12:18
292,421,229,2499,Card,success,2024-10-11 18:45:10
293,422,230,999,UPI,success,2026-05-01 23:03:34
294,422,231,4499,UPI,success,2026-06-01 06:21:21
295,428,232,2499,UPI,success,2024-05-11 15:27:46
296,431,233,999,Card,success,2025-11-05 11:55:22
297,433,234,2499,UPI,refunded,2026-04-07 08:09:10
298,435,235,999,UPI,success,2025-11-29 01:25:10
299,438,236,999,UPI,success,2025-02-20 02:47:57
300,439,237,999,Wallet,success,2024-11-11 06:52:00
301,441,,2499,UPI,failed,2025-03-19 19:42:11
302,441,238,2499,UPI,success,2025-03-19 20:32:11
303,441,239,999,UPI,success,2025-07-02 04:39:36
304,443,240,999,NetBanking,success,2026-01-03 13:02:00
305,444,,999,Card,failed,2024-03-18 03:14:36
306,444,241,999,Wallet,success,2024-03-18 03:45:36
307,445,242,4499,Card,success,2023-04-25 12:44:05
308,446,243,4499,Card,success,2023-11-05 15:34:16
309,447,,2499,Card,failed,2023-11-30 11:54:08
310,447,244,2499,Card,refunded,2023-11-30 12:24:08
311,450,245,2499,NetBanking,success,2025-08-03 05:34:16
312,451,246,2499,UPI,success,2024-11-04 18:17:06
313,451,247,4499,UPI,success,2025-05-12 20:27:50
314,451,,2499,UPI,failed,2025-11-20 09:58:43
315,451,248,2499,Card,success,2025-11-20 10:49:43
316,453,249,999,UPI,success,2024-08-24 02:49:29
317,453,250,2499,UPI,success,2025-02-06 17:08:43
318,459,251,2499,Card,success,2024-10-03 13:43:46
319,461,252,2499,Wallet,success,2024-01-24 12:40:52
320,461,253,999,NetBanking,success,2024-08-25 16:58:30
321,462,254,999,UPI,success,2023-12-15 17:34:39
322,465,255,999,Card,success,2026-05-07 00:26:30
323,470,256,2499,NetBanking,success,2026-01-30 22:50:37
324,473,,999,Card,failed,2025-08-22 19:16:29
325,473,,999,Card,failed,2025-08-22 19:11:29
326,473,257,999,Card,success,2025-08-22 19:42:29
327,474,258,999,Card,success,2023-09-18 20:34:37
328,478,259,2499,NetBanking,success,2024-03-25 00:53:15
329,478,260,2499,Card,success,2024-12-15 02:30:25
330,478,,4499,Card,failed,2025-04-28 06:28:49
331,478,261,4499,UPI,success,2025-04-28 07:18:49
332,481,262,2499,UPI,success,2026-05-02 17:23:07
333,482,263,2499,Wallet,success,2024-08-25 00:39:45
334,487,264,2499,Wallet,success,2024-09-17 12:26:57
335,488,265,999,Card,success,2026-01-31 00:50:26
336,491,266,999,NetBanking,success,2023-08-03 15:49:54
337,491,267,2499,UPI,success,2023-12-09 15:29:11
338,496,268,999,UPI,refunded,2025-06-11 01:45:32
339,497,269,2499,Card,success,2025-05-23 14:07:04
340,499,270,2499,Card,success,2023-09-24 07:02:44
341,499,271,2499,UPI,success,2024-05-16 12:02:02
342,499,272,2499,UPI,success,2024-11-05 08:14:00
343,500,273,2499,NetBanking,success,2023-05-03 17:16:36
344,500,274,999,UPI,success,2024-02-12 04:55:44
345,505,275,2499,Card,success,2024-09-20 17:58:41
346,505,276,999,Card,success,2025-07-04 20:52:47
347,505,277,999,UPI,success,2026-01-05 18:01:31
348,508,,999,Wallet,failed,2025-09-09 17:42:51
349,508,,999,Card,failed,2025-09-09 17:29:51
350,508,278,999,NetBanking,success,2025-09-09 18:27:51
351,508,279,999,Card,success,2026-03-21 06:29:29
352,508,280,999,Wallet,success,2026-06-03 13:34:55
353,514,,999,UPI,failed,2023-10-01 02:26:16
354,514,281,999,UPI,success,2023-10-01 02:30:16
355,519,282,999,UPI,success,2026-01-04 19:39:01
356,519,283,999,UPI,success,2026-04-10 03:27:02
357,524,284,999,UPI,success,2026-05-20 22:42:49
358,525,285,2499,Card,success,2025-01-26 21:57:23
359,525,286,999,UPI,success,2025-07-05 13:02:44
360,525,287,999,UPI,success,2025-12-05 05:35:53
361,526,,2499,UPI,failed,2026-01-24 05:03:13
362,526,288,2499,UPI,success,2026-01-24 05:36:13
363,527,289,2499,UPI,success,2025-01-21 12:00:53
364,527,290,999,UPI,success,2025-06-07 18:24:30
365,528,291,2499,Card,success,2024-05-30 14:39:28
366,529,292,999,UPI,success,2024-01-11 12:54:33
367,532,293,999,Wallet,success,2025-12-13 00:41:16
368,533,294,4499,UPI,success,2023-10-13 04:50:54
369,534,295,2499,Card,success,2024-01-22 16:37:00
370,535,296,999,Card,success,2025-07-19 05:12:14
371,538,297,2499,Card,success,2026-06-10 18:54:20
372,542,298,999,NetBanking,success,2023-07-19 10:51:08
373,543,299,999,UPI,success,2025-08-03 07:42:18
374,550,300,2499,Card,success,2024-10-27 16:27:01
375,550,301,2499,UPI,success,2025-08-01 10:19:48
376,551,302,4499,UPI,success,2023-10-05 21:49:22
377,552,303,999,NetBanking,success,2025-08-06 14:35:37
378,552,304,999,UPI,success,2026-03-10 10:48:48
379,556,305,2499,UPI,success,2025-02-26 14:28:29
380,556,306,2499,UPI,success,2025-10-16 03:49:17
381,556,,999,UPI,failed,2026-03-27 17:41:39
382,556,307,999,UPI,success,2026-03-27 18:04:39
383,558,308,999,Card,refunded,2026-06-07 09:30:30
384,561,309,4499,Card,success,2025-06-16 07:58:28
385,561,310,999,UPI,success,2026-04-30 02:42:17
386,561,311,2499,UPI,success,2026-06-01 19:05:33
387,566,312,999,Card,success,2025-12-16 05:11:17
388,568,313,999,NetBanking,success,2025-09-07 22:06:10
389,569,314,999,Wallet,success,2023-07-07 22:02:24
390,570,315,2499,UPI,success,2026-02-08 21:38:05
391,572,316,999,NetBanking,success,2024-02-24 11:49:13
392,572,317,999,NetBanking,success,2024-08-11 19:30:27
393,572,318,999,UPI,success,2025-02-19 16:10:47
394,576,319,999,UPI,success,2026-03-16 16:32:01
395,576,320,4499,Card,success,2026-05-16 23:44:40
396,578,321,999,UPI,success,2025-01-31 23:42:20
397,581,322,4499,UPI,success,2025-01-25 23:46:03
398,588,323,4499,UPI,success,2026-05-16 09:18:04
399,589,324,2499,UPI,success,2026-03-17 19:32:52
400,590,,999,Card,failed,2025-10-01 12:28:20
401,590,325,999,UPI,success,2025-10-01 13:01:20
402,593,326,4499,UPI,refunded,2023-08-27 16:30:34
403,593,327,4499,UPI,success,2024-05-23 10:49:52
404,596,328,4499,UPI,success,2025-09-08 22:52:25
405,597,329,999,Card,success,2026-04-30 15:39:37
406,597,330,4499,UPI,success,2026-05-30 20:36:05
407,599,331,999,UPI,success,2025-03-11 06:15:19
408,600,332,2499,UPI,success,2023-06-13 01:54:52
409,601,333,999,NetBanking,success,2025-08-08 19:32:26
410,604,334,999,UPI,success,2025-03-10 18:58:01
411,605,335,999,UPI,success,2023-12-30 03:58:54
412,605,,999,UPI,failed,2024-06-12 03:46:39
413,605,336,999,UPI,success,2024-06-12 03:52:39
414,608,337,2499,UPI,success,2024-05-27 02:33:04
415,610,338,999,Wallet,success,2023-09-13 10:51:23
416,616,339,4499,Card,success,2026-05-20 20:36:38
417,625,340,2499,UPI,success,2026-06-10 22:46:42
418,626,,2499,UPI,failed,2024-05-04 21:38:35
419,626,341,2499,UPI,success,2024-05-04 22:31:35
420,626,342,2499,UPI,success,2024-09-18 04:21:27
421,627,343,2499,UPI,success,2026-05-08 17:38:37
422,630,344,2499,Wallet,success,2023-09-03 01:53:13
423,633,345,2499,UPI,success,2024-10-05 02:54:52
424,634,346,4499,UPI,success,2025-02-02 15:30:19
425,634,,999,UPI,failed,2026-01-11 05:47:29
426,634,347,999,Card,success,2026-01-11 06:12:29
427,639,348,4499,Card,success,2025-07-27 19:32:23
428,639,349,2499,UPI,success,2026-02-02 14:34:25
429,645,350,999,UPI,success,2023-07-14 02:45:46
430,652,,999,UPI,failed,2024-01-01 00:44:36
431,652,,999,UPI,failed,2024-01-01 00:57:36
432,652,351,999,UPI,success,2024-01-01 01:44:36
433,653,352,2499,UPI,success,2025-01-18 14:49:05
434,654,353,2499,Card,success,2023-05-14 14:42:38
435,659,,999,Card,failed,2023-09-05 05:10:57
436,659,354,999,Card,success,2023-09-05 05:20:57
437,664,355,2499,UPI,success,2026-03-02 21:14:36
438,665,356,4499,Card,success,2025-06-17 02:46:46
439,665,357,999,NetBanking,success,2026-03-06 07:01:10
440,665,358,2499,Wallet,success,2026-05-07 00:40:17
441,672,359,999,Card,success,2023-12-21 21:53:06
442,672,360,2499,UPI,success,2024-04-13 18:48:36
443,678,361,2499,UPI,success,2024-05-01 03:16:56
444,680,362,2499,Card,success,2025-08-17 12:02:41
445,681,363,999,UPI,success,2026-03-30 03:05:34
446,685,364,999,UPI,success,2024-04-10 20:14:15
447,687,,4499,UPI,failed,2023-08-06 10:27:15
448,687,365,4499,UPI,success,2023-08-06 11:21:15
449,689,366,999,UPI,success,2024-01-17 13:37:28
450,692,,999,Card,failed,2025-07-02 09:20:52
451,692,,999,UPI,failed,2025-07-02 09:12:52
452,692,367,999,NetBanking,success,2025-07-02 09:37:52
453,696,368,999,UPI,success,2024-07-29 07:07:43
454,697,,999,NetBanking,failed,2024-02-10 06:54:28
455,697,369,999,Card,success,2024-02-10 07:33:28
456,699,,2499,Card,failed,2026-06-06 11:31:09
457,699,,2499,Card,failed,2026-06-06 11:42:09
458,699,370,2499,NetBanking,success,2026-06-06 12:08:09
459,700,371,999,Card,success,2023-05-10 02:45:15
460,701,372,999,UPI,success,2026-04-09 08:49:11
461,703,373,2499,Card,success,2026-05-24 14:46:02
462,710,374,999,UPI,success,2024-01-26 08:11:05
463,710,375,2499,Card,success,2024-09-06 17:20:23
464,710,376,4499,UPI,success,2025-05-27 21:40:49
465,711,377,2499,Wallet,success,2025-07-11 18:52:58
466,711,378,4499,Card,success,2025-11-19 05:59:08
467,712,379,999,UPI,success,2023-12-29 23:15:21
468,716,380,2499,UPI,success,2023-03-13 01:14:43
469,716,381,999,NetBanking,success,2023-09-30 13:00:03
470,718,382,999,UPI,success,2024-06-30 03:50:07
471,718,383,2499,Card,success,2024-08-12 06:50:54
472,722,384,999,UPI,success,2026-05-20 14:35:05
473,724,385,999,Wallet,success,2026-05-03 03:45:14
474,724,386,2499,Card,success,2026-06-06 08:51:09
475,726,387,2499,Wallet,success,2023-06-05 21:16:09
476,726,,999,Card,failed,2023-12-29 00:57:42
477,726,388,999,Card,success,2023-12-29 01:48:42
478,726,389,999,NetBanking,success,2024-02-14 11:36:16
479,727,,999,NetBanking,failed,2023-04-07 01:55:10
480,727,390,999,UPI,success,2023-04-07 02:52:10
481,729,,999,Card,failed,2026-03-16 16:23:21
482,729,,999,Wallet,failed,2026-03-16 17:03:21
483,729,391,999,UPI,success,2026-03-16 17:18:21
484,730,392,999,UPI,success,2025-01-02 08:23:15
485,742,393,4499,Wallet,success,2024-06-03 04:54:29
486,742,394,999,Card,success,2025-04-02 22:26:37
487,742,395,2499,UPI,success,2025-09-17 02:03:15
488,747,396,999,UPI,success,2024-09-04 08:07:19
489,749,397,2499,UPI,success,2025-08-09 18:28:40
490,751,398,999,NetBanking,success,2024-09-30 08:40:16
491,752,399,999,Card,success,2024-02-15 14:24:15
492,754,400,4499,NetBanking,success,2023-02-14 00:19:28
493,754,401,999,UPI,success,2024-02-13 21:27:42
494,755,402,4499,Card,success,2024-05-13 10:37:35
495,762,403,2499,UPI,success,2024-03-04 04:47:30
496,763,,2499,UPI,failed,2026-05-10 04:15:39
497,763,404,2499,UPI,success,2026-05-10 04:31:39
498,766,,999,Card,failed,2023-09-03 22:41:07
499,766,405,999,UPI,success,2023-09-03 22:51:07
500,767,,2499,Card,failed,2023-12-25 17:15:06
501,767,406,2499,UPI,success,2023-12-25 17:33:06
502,771,407,999,UPI,success,2026-04-27 15:21:53
503,773,408,2499,UPI,success,2024-11-24 04:06:20
504,774,,2499,UPI,failed,2025-07-25 05:28:39
505,774,,2499,UPI,failed,2025-07-25 05:18:39
506,774,409,2499,Card,success,2025-07-25 05:35:39
507,774,,999,UPI,failed,2026-01-05 21:58:35
508,774,410,999,UPI,success,2026-01-05 22:24:35
509,774,,2499,Card,failed,2026-02-21 22:41:50
510,774,411,2499,UPI,success,2026-02-21 23:18:50
511,778,412,2499,Wallet,success,2024-04-23 03:20:41
512,784,413,4499,UPI,success,2023-05-28 13:20:16
513,784,414,4499,UPI,success,2023-12-12 01:29:31
514,788,415,999,UPI,success,2023-06-03 07:37:08
515,789,416,2499,UPI,success,2023-11-06 20:13:33
516,789,417,2499,UPI,success,2024-04-15 15:07:28
517,792,418,999,Wallet,success,2026-05-14 04:52:08
518,793,419,4499,Card,success,2023-11-19 05:51:51
519,793,420,2499,UPI,success,2024-10-04 10:31:53
520,794,421,999,UPI,success,2024-12-09 22:42:54
521,794,422,999,UPI,success,2025-01-31 19:40:49
522,798,423,2499,UPI,success,2024-02-03 08:25:48
523,801,424,2499,UPI,success,2023-06-02 16:35:06
524,801,425,4499,Card,success,2024-03-17 03:17:20
525,807,426,4499,UPI,success,2024-11-02 01:47:45
526,807,,2499,NetBanking,failed,2025-09-27 01:22:21
527,807,427,2499,NetBanking,success,2025-09-27 02:20:21
528,808,428,999,UPI,success,2025-02-22 01:40:51
529,812,429,999,Card,success,2023-10-29 21:59:45
530,819,430,4499,Card,success,2025-04-23 19:35:19
531,821,,999,Card,failed,2024-03-07 00:15:21
532,821,,999,NetBanking,failed,2024-03-07 00:22:21
533,821,431,999,UPI,success,2024-03-07 01:02:21
534,823,432,999,UPI,success,2025-07-17 08:53:57
535,827,433,2499,UPI,success,2024-10-18 19:29:39
536,827,,999,Card,failed,2025-05-14 06:49:56
537,827,434,999,UPI,refunded,2025-05-14 07:30:56
538,831,435,2499,Card,success,2023-05-09 12:26:26
539,831,436,999,UPI,success,2024-02-06 14:10:40
540,832,,2499,UPI,failed,2024-09-06 17:23:32
541,832,437,2499,UPI,success,2024-09-06 18:02:32
542,846,438,999,UPI,success,2024-05-06 23:59:45
543,848,,2499,Card,failed,2026-05-20 12:25:45
544,848,439,2499,Card,success,2026-05-20 13:02:45
545,849,440,2499,UPI,success,2024-12-31 22:48:56
546,851,441,999,UPI,success,2025-04-20 02:35:46
547,851,,2499,Wallet,failed,2025-10-28 14:50:33
548,851,442,2499,UPI,success,2025-10-28 15:42:33
549,851,443,999,Wallet,success,2026-04-19 04:31:52
550,853,,999,NetBanking,failed,2025-11-23 11:15:27
551,853,444,999,Card,success,2025-11-23 11:39:27
552,859,,4499,NetBanking,failed,2024-12-29 06:04:20
553,859,445,4499,Card,success,2024-12-29 06:21:20
554,861,446,999,Card,success,2025-07-30 11:20:04
555,861,447,4499,NetBanking,success,2026-02-18 20:34:46
556,862,,4499,Card,failed,2025-01-05 02:11:08
557,862,448,4499,NetBanking,success,2025-01-05 02:31:08
558,866,449,2499,Card,success,2025-11-15 20:34:38
559,867,450,999,Wallet,success,2025-06-22 08:35:37
560,867,,4499,Card,failed,2025-09-07 11:38:04
561,867,451,4499,NetBanking,success,2025-09-07 12:03:04
562,876,452,2499,UPI,success,2026-06-05 09:45:57
563,882,453,999,UPI,success,2023-12-23 15:00:12
564,883,454,999,UPI,success,2023-12-07 13:30:52
565,883,455,999,UPI,success,2024-02-28 19:57:09
566,885,456,999,UPI,success,2025-01-31 14:41:38
567,890,457,2499,UPI,success,2025-02-23 15:28:19
568,896,,2499,UPI,failed,2026-05-24 02:10:19
569,896,458,2499,UPI,success,2026-05-24 02:24:19
570,897,459,999,NetBanking,success,2023-08-04 22:35:10
571,899,460,2499,Wallet,success,2024-12-24 04:39:34
572,900,461,2499,NetBanking,refunded,2025-10-08 00:56:04
573,902,462,4499,Card,success,2025-03-14 01:46:02
574,903,463,999,NetBanking,success,2025-02-08 12:06:22
575,904,464,2499,Wallet,success,2024-10-19 11:00:35
576,904,465,4499,UPI,success,2025-03-03 01:43:52
577,907,466,999,NetBanking,success,2023-04-28 18:27:54
578,907,467,999,Card,success,2023-06-01 19:47:26
579,910,468,2499,NetBanking,success,2025-09-14 16:35:31
580,914,469,4499,UPI,success,2024-01-29 01:00:13
581,914,470,2499,UPI,success,2025-01-02 18:31:21
582,917,471,2499,UPI,success,2024-09-08 02:08:44
583,919,472,2499,Card,success,2026-02-08 11:17:35
584,920,,4499,Card,failed,2023-11-24 10:08:20
585,920,473,4499,Card,success,2023-11-24 10:10:20
586,925,474,2499,UPI,success,2025-04-01 19:33:58
587,926,475,2499,UPI,success,2026-03-26 22:33:08
588,927,476,999,Wallet,success,2025-02-15 21:12:26
589,928,477,999,NetBanking,success,2026-03-09 15:49:05
590,930,,999,Card,failed,2026-03-07 18:38:39
591,930,478,999,Card,success,2026-03-07 18:40:39
592,931,479,999,UPI,success,2026-03-27 03:37:25
593,931,,999,UPI,failed,2026-05-21 08:28:56
594,931,480,999,Wallet,success,2026-05-21 08:49:56
595,932,481,2499,UPI,refunded,2024-07-15 05:08:18
596,932,,4499,Wallet,failed,2025-04-12 09:46:05
597,932,482,4499,UPI,success,2025-04-12 10:11:05
598,932,483,4499,UPI,success,2026-03-11 00:47:14
599,933,484,999,UPI,success,2026-06-08 02:20:47
600,936,485,999,UPI,success,2024-10-28 02:55:02
601,942,486,4499,UPI,success,2025-10-07 17:47:35
602,942,487,999,UPI,success,2026-04-13 02:39:04
603,943,488,999,UPI,success,2024-05-02 00:43:33
604,946,,2499,UPI,failed,2024-06-08 06:39:37
605,946,489,2499,UPI,success,2024-06-08 07:15:37
606,946,490,999,UPI,success,2024-11-08 23:29:31
607,953,491,999,UPI,success,2024-01-26 18:36:23
608,953,492,4499,UPI,success,2024-07-04 20:11:38
609,954,493,2499,UPI,success,2024-08-13 10:03:46
610,955,494,2499,UPI,success,2026-01-14 22:59:21
611,956,495,999,UPI,success,2024-06-26 09:27:43
612,957,496,2499,NetBanking,success,2024-05-02 22:54:31
613,958,497,2499,NetBanking,success,2026-02-07 02:57:23
614,958,498,2499,Wallet,refunded,2026-06-08 09:36:58
615,964,499,999,Card,success,2024-07-08 21:51:53
616,964,500,999,UPI,refunded,2024-09-21 21:28:40
617,967,501,4499,UPI,success,2024-12-15 00:23:25
618,971,,4499,UPI,failed,2026-01-21 13:40:05
619,971,502,4499,UPI,success,2026-01-21 14:02:05
620,972,503,4499,UPI,success,2024-03-13 09:33:36
621,972,,999,UPI,failed,2024-10-23 18:33:32
622,972,,999,UPI,failed,2024-10-23 19:13:32
623,972,504,999,Card,success,2024-10-23 19:19:32
624,975,,999,NetBanking,failed,2024-08-28 01:40:28
625,975,,999,NetBanking,failed,2024-08-28 01:13:28
626,975,505,999,Card,success,2024-08-28 01:43:28
627,975,,2499,Card,failed,2025-01-16 20:27:04
628,975,506,2499,Card,success,2025-01-16 21:04:04
629,978,,4499,NetBanking,failed,2023-11-24 01:58:45
630,978,507,4499,UPI,success,2023-11-24 02:05:45
631,978,508,999,UPI,success,2024-09-07 16:09:01
632,979,509,2499,UPI,success,2023-06-20 09:38:01
633,982,,2499,UPI,failed,2026-04-17 15:24:19
634,982,510,2499,NetBanking,success,2026-04-17 15:46:19
635,986,511,2499,NetBanking,success,2024-04-30 08:36:31
636,986,512,999,Card,success,2024-09-03 20:33:54
637,988,513,4499,Card,refunded,2024-08-25 21:43:32
638,993,,4499,UPI,failed,2023-09-10 19:35:36
639,993,514,4499,Card,success,2023-09-10 20:01:36
640,998,515,2499,UPI,success,2025-09-09 07:11:46
641,999,,2499,Card,failed,2024-08-15 11:00:17
642,999,516,2499,UPI,success,2024-08-15 11:32:17
643,999,517,4499,UPI,success,2025-02-26 16:41:23
644,1003,,4499,UPI,failed,2024-12-07 23:56:51
645,1003,,4499,UPI,failed,2024-12-08 00:07:51
646,1003,518,4499,UPI,success,2024-12-08 00:22:51
647,1004,519,999,Card,success,2026-01-15 08:41:50
648,1004,520,2499,NetBanking,success,2026-02-17 23:47:27
649,1008,521,4499,UPI,success,2023-08-20 03:39:49
650,1008,522,999,UPI,success,2024-03-09 09:19:47
651,1010,523,4499,Wallet,success,2023-11-17 01:50:45
652,1011,524,999,Card,success,2024-02-01 01:32:13
653,1012,525,999,Wallet,success,2026-02-28 01:06:26
654,1012,526,2499,Card,success,2026-05-18 03:20:27
655,1013,527,999,Card,success,2025-10-21 15:15:01
656,1016,528,999,UPI,success,2025-06-30 20:23:36
657,1016,529,4499,UPI,success,2025-11-03 04:03:05
658,1023,,999,NetBanking,failed,2025-07-19 20:50:55
659,1023,530,999,UPI,success,2025-07-19 21:10:55
660,1026,531,2499,UPI,success,2024-06-16 03:28:06
661,1029,532,2499,UPI,success,2025-08-14 20:58:44
662,1031,533,2499,UPI,success,2023-08-23 22:07:39
663,1033,534,999,Card,success,2024-09-18 08:22:55
664,1033,535,2499,UPI,success,2025-03-26 11:40:05
665,1034,536,999,UPI,success,2025-05-07 14:16:46
666,1036,,999,UPI,failed,2026-04-06 04:51:09
667,1036,537,999,Wallet,success,2026-04-06 05:21:09
668,1037,538,2499,Wallet,success,2025-05-19 07:29:19
669,1038,539,999,UPI,refunded,2025-06-27 02:07:18
670,1042,,2499,UPI,failed,2025-09-25 09:34:56
671,1042,540,2499,Card,success,2025-09-25 10:16:56
672,1045,,999,UPI,failed,2025-10-25 15:36:44
673,1045,541,999,UPI,success,2025-10-25 15:43:44
674,1047,,4499,Card,failed,2023-10-07 04:07:12
675,1047,,4499,UPI,failed,2023-10-07 04:19:12
676,1047,542,4499,Card,success,2023-10-07 04:27:12
677,1048,543,999,Card,success,2024-05-28 18:18:00
678,1049,544,999,NetBanking,success,2024-09-16 20:31:55
679,1051,545,999,UPI,success,2025-09-14 05:09:09
680,1055,546,2499,UPI,success,2025-07-20 20:19:00
681,1059,547,2499,UPI,success,2024-11-07 15:26:19
682,1059,548,2499,UPI,success,2025-06-21 21:07:30
683,1059,549,2499,NetBanking,success,2026-02-01 23:35:12
684,1066,,999,UPI,failed,2025-05-25 07:38:19
685,1066,550,999,UPI,success,2025-05-25 08:35:19
686,1066,551,4499,UPI,success,2025-12-28 01:46:06
687,1073,552,4499,UPI,success,2025-06-14 09:31:28
688,1074,553,999,UPI,success,2025-03-23 00:24:14
689,1076,554,2499,UPI,success,2026-04-20 01:34:07
690,1077,555,2499,UPI,success,2024-06-08 07:16:28
691,1078,556,2499,UPI,success,2025-07-12 05:58:52
692,1078,557,2499,Wallet,success,2025-12-07 16:54:52
693,1082,,2499,Card,failed,2024-06-24 07:42:38
694,1082,558,2499,UPI,success,2024-06-24 08:09:38
695,1082,,999,UPI,failed,2024-12-10 12:56:28
696,1082,559,999,Wallet,success,2024-12-10 13:34:28
697,1084,560,2499,NetBanking,success,2024-12-12 13:16:04
698,1085,561,2499,UPI,success,2026-02-28 09:36:59
699,1086,562,999,UPI,success,2026-02-24 03:28:55
700,1086,563,2499,UPI,refunded,2026-04-11 16:34:30
701,1087,564,4499,NetBanking,success,2024-11-16 15:01:54
702,1087,565,2499,Wallet,success,2025-08-26 21:20:22
703,1088,566,2499,NetBanking,success,2023-08-05 12:57:06
704,1089,567,999,Card,success,2025-06-09 02:17:40
705,1089,568,999,Card,success,2025-08-31 23:25:02
706,1090,,2499,Card,failed,2025-05-25 18:05:24
707,1090,569,2499,Card,success,2025-05-25 18:07:24
708,1090,570,4499,UPI,success,2025-11-19 19:44:15
709,1095,571,2499,UPI,success,2024-09-12 22:34:50
710,1095,,2499,UPI,failed,2025-02-02 17:01:37
711,1095,,2499,Card,failed,2025-02-02 17:34:37
712,1095,572,2499,UPI,refunded,2025-02-02 17:52:37
713,1098,573,2499,UPI,success,2023-11-17 22:05:37
714,1106,574,999,UPI,success,2025-01-04 22:37:51
715,1106,,4499,UPI,failed,2025-05-23 20:13:29
716,1106,,4499,UPI,failed,2025-05-23 20:09:29
717,1106,575,4499,Card,success,2025-05-23 20:46:29
718,1106,576,2499,UPI,success,2026-02-11 02:59:50
719,1107,577,999,UPI,success,2026-05-13 20:51:46
720,1109,578,4499,NetBanking,success,2026-02-19 08:19:26
721,1112,579,999,UPI,success,2025-08-11 20:23:47
722,1112,,999,UPI,failed,2025-09-30 22:16:48
723,1112,580,999,UPI,success,2025-09-30 22:53:48
724,1112,581,2499,Wallet,success,2025-11-10 12:14:16
725,1114,582,2499,UPI,success,2023-10-20 00:58:14
726,1118,583,999,Card,success,2023-04-24 10:49:34
727,1119,584,4499,UPI,success,2023-12-15 03:38:21
728,1124,585,999,NetBanking,success,2025-08-07 22:27:48
729,1124,586,2499,NetBanking,success,2025-09-20 14:15:00
730,1129,587,2499,UPI,success,2025-11-03 20:35:23
731,1129,,999,UPI,failed,2026-02-21 01:32:32
732,1129,,999,UPI,failed,2026-02-21 00:58:32
733,1129,588,999,Card,success,2026-02-21 01:35:32
734,1130,,4499,UPI,failed,2026-03-02 01:37:14
735,1130,589,4499,UPI,success,2026-03-02 01:42:14
736,1131,590,4499,UPI,success,2025-12-02 15:55:29
737,1134,591,999,UPI,success,2023-09-25 07:43:07
738,1135,592,999,UPI,success,2023-09-26 01:31:48
739,1136,593,2499,Card,success,2026-05-11 18:36:48
740,1139,594,999,Card,success,2025-12-19 06:57:33
741,1139,595,999,Card,success,2026-02-17 04:36:05
742,1140,596,2499,UPI,success,2026-04-08 00:42:50
743,1141,597,2499,UPI,success,2025-08-16 05:22:21
744,1146,598,2499,UPI,refunded,2024-12-21 09:08:04
745,1146,599,2499,Card,success,2025-08-16 23:04:48
746,1146,600,999,UPI,success,2026-03-21 21:35:51
747,1149,,4499,UPI,failed,2026-03-12 04:31:09
748,1149,,4499,UPI,failed,2026-03-12 04:36:09
749,1149,601,4499,UPI,success,2026-03-12 04:56:09
750,1153,602,2499,UPI,success,2024-02-11 01:48:21
751,1153,603,4499,UPI,success,2024-06-23 09:38:20
752,1154,604,2499,NetBanking,success,2023-05-12 09:36:06
753,1154,605,999,Card,success,2023-09-21 07:07:33
754,1155,606,999,UPI,success,2023-07-14 19:15:42
755,1155,607,999,Card,success,2024-02-18 09:53:11
756,1160,608,2499,UPI,success,2023-06-04 20:05:18
757,1163,609,999,Card,success,2024-08-01 20:46:10
758,1163,610,999,UPI,success,2024-12-19 10:51:35
759,1165,611,999,NetBanking,success,2024-05-23 00:38:21
760,1166,,999,UPI,failed,2024-12-29 20:16:07
761,1166,612,999,UPI,success,2024-12-29 21:13:07
762,1167,613,2499,UPI,success,2025-10-20 03:20:34
763,1167,614,999,NetBanking,success,2026-02-17 07:22:56
764,1167,615,999,UPI,success,2026-05-11 02:26:37
765,1170,616,2499,UPI,success,2024-11-23 00:41:00
766,1171,617,999,Card,success,2024-06-28 08:55:26
767,1176,618,999,Card,success,2024-03-07 09:18:43
768,1176,619,999,Wallet,success,2024-08-28 02:49:43
769,1183,620,4499,UPI,success,2025-06-06 09:44:52
770,1183,621,2499,UPI,success,2025-12-15 09:13:02
771,1184,622,999,UPI,success,2023-09-02 14:37:29
772,1186,,4499,Card,failed,2026-02-16 04:28:25
773,1186,623,4499,UPI,success,2026-02-16 05:19:25
774,1188,624,999,Card,success,2025-05-13 23:24:12
775,1188,625,4499,UPI,success,2025-10-25 12:59:20
776,1191,626,2499,UPI,success,2023-10-17 07:54:50
777,1191,627,2499,UPI,success,2024-03-22 03:14:40
778,1193,628,2499,UPI,success,2024-03-13 01:36:33
779,1196,629,2499,NetBanking,success,2023-10-04 06:38:26
780,1198,630,2499,UPI,refunded,2023-01-17 10:38:18
781,1204,631,999,Wallet,success,2025-02-05 09:26:20
782,1204,632,999,UPI,success,2025-05-11 09:57:58
783,1204,633,2499,UPI,success,2025-10-21 16:44:37
784,1209,634,2499,Card,success,2025-07-29 23:39:50
785,1211,,2499,Card,failed,2024-06-05 02:03:02
786,1211,635,2499,Card,success,2024-06-05 02:46:02
787,1212,636,999,NetBanking,success,2025-12-30 09:35:51
788,1212,637,4499,UPI,success,2026-06-01 16:01:47
789,1214,638,2499,Card,success,2024-03-14 10:54:22
790,1214,639,2499,NetBanking,success,2024-12-19 19:02:04
791,1217,640,2499,UPI,success,2025-09-09 18:03:40
792,1218,641,999,UPI,success,2026-04-04 12:13:26
793,1219,,2499,UPI,failed,2025-02-10 16:17:33
794,1219,642,2499,UPI,success,2025-02-10 17:01:33
795,1220,,4499,NetBanking,failed,2025-10-31 22:30:09
796,1220,643,4499,UPI,success,2025-10-31 22:48:09
797,1225,,2499,NetBanking,failed,2024-03-23 00:29:25
798,1225,,2499,NetBanking,failed,2024-03-23 00:19:25
799,1225,644,2499,UPI,success,2024-03-23 01:19:25
800,1225,645,999,UPI,success,2024-09-03 21:35:38
801,1226,646,999,UPI,refunded,2024-08-14 12:57:10
802,1228,,999,UPI,failed,2025-04-26 07:38:23
803,1228,,999,Wallet,failed,2025-04-26 07:29:23
804,1228,647,999,UPI,success,2025-04-26 07:54:23
805,1229,,4499,Card,failed,2024-09-19 06:27:08
806,1229,,4499,Card,failed,2024-09-19 05:38:08
807,1229,648,4499,Wallet,success,2024-09-19 06:34:08
808,1230,649,999,UPI,success,2023-04-24 17:37:22
809,1233,650,999,NetBanking,success,2025-12-17 17:56:26
810,1234,651,2499,UPI,success,2023-11-01 06:19:07
811,1234,652,999,NetBanking,success,2024-04-12 06:12:16
812,1235,653,4499,UPI,success,2025-07-17 17:36:18
813,1235,654,4499,UPI,success,2026-06-01 14:06:17
814,1237,655,2499,Card,success,2025-07-31 22:18:07
815,1239,656,999,UPI,success,2025-11-04 16:27:15
816,1240,657,2499,UPI,success,2024-10-19 12:21:53
817,1240,658,2499,UPI,success,2025-04-02 08:29:02
818,1240,659,999,Card,success,2025-09-23 23:36:21
819,1248,660,999,UPI,success,2025-11-23 01:50:21
820,1250,661,999,Card,success,2026-06-08 03:12:31
821,1253,662,999,UPI,success,2025-02-25 16:13:03
822,1254,663,999,NetBanking,success,2025-06-02 09:36:54
823,1256,664,999,Card,success,2025-10-14 23:51:40
824,1259,,999,UPI,failed,2025-05-24 04:47:26
825,1259,,999,UPI,failed,2025-05-24 05:27:26
826,1259,665,999,Card,success,2025-05-24 05:33:26
827,1259,666,2499,NetBanking,success,2025-08-07 23:31:57
828,1262,,999,Card,failed,2025-02-05 23:26:32
829,1262,667,999,UPI,success,2025-02-05 23:31:32
830,1265,668,4499,UPI,success,2026-06-06 11:56:05
831,1266,669,4499,NetBanking,success,2024-09-25 11:14:56
832,1268,670,999,UPI,success,2026-05-06 15:08:25
833,1270,671,999,Card,success,2023-09-12 14:19:10
834,1273,672,999,UPI,success,2025-09-26 02:46:08
835,1277,673,999,UPI,success,2025-03-31 02:14:09
836,1282,,999,UPI,failed,2025-02-19 18:02:56
837,1282,674,999,NetBanking,success,2025-02-19 18:26:56
838,1285,675,999,Wallet,success,2024-01-14 20:38:51
839,1287,676,2499,Wallet,success,2026-05-18 06:18:11
840,1291,677,2499,Card,success,2024-04-02 19:11:34
841,1291,678,999,Card,success,2024-12-30 05:17:02
842,1302,,999,Card,failed,2026-04-22 19:46:40
843,1302,,999,UPI,failed,2026-04-22 20:11:40
844,1302,679,999,UPI,success,2026-04-22 20:26:40
845,1302,680,2499,UPI,success,2026-06-02 17:12:46
846,1303,681,999,NetBanking,success,2026-05-30 03:33:12
847,1305,682,999,Card,success,2026-05-15 16:10:27
848,1306,,4499,UPI,failed,2024-07-16 08:08:35
849,1306,,4499,Card,failed,2024-07-16 07:15:35
850,1306,683,4499,UPI,success,2024-07-16 08:14:35
851,1309,684,999,UPI,success,2024-04-03 15:45:18
852,1310,685,999,Wallet,success,2026-05-01 14:14:32
853,1311,686,999,Card,success,2024-01-08 04:45:02
854,1312,687,999,UPI,success,2026-06-06 12:06:37
855,1314,688,2499,UPI,success,2023-12-01 12:26:12
856,1315,689,4499,Wallet,success,2024-09-11 09:52:21
857,1318,690,999,UPI,success,2025-03-04 14:48:33
858,1319,,999,UPI,failed,2025-09-05 01:31:00
859,1319,691,999,UPI,success,2025-09-05 01:47:00
860,1319,692,2499,NetBanking,refunded,2025-10-19 10:39:43
861,1320,693,4499,Wallet,success,2023-08-23 18:16:38
862,1320,,2499,Card,failed,2024-03-08 10:23:03
863,1320,694,2499,Wallet,success,2024-03-08 10:37:03
864,1322,,999,Card,failed,2023-08-12 14:20:02
865,1322,,999,UPI,failed,2023-08-12 14:43:02
866,1322,695,999,UPI,success,2023-08-12 15:02:02
867,1322,696,999,UPI,success,2023-11-03 14:05:40
868,1324,697,4499,UPI,success,2026-06-02 17:27:58
869,1326,698,2499,Card,success,2024-04-10 14:02:59
870,1326,699,2499,Card,success,2025-01-09 16:44:39
871,1327,700,999,Card,success,2025-04-16 19:14:55
872,1327,,4499,Card,failed,2025-08-20 11:40:18
873,1327,701,4499,UPI,success,2025-08-20 12:06:18
874,1327,702,2499,Card,success,2026-04-13 09:00:38
875,1328,703,999,NetBanking,success,2025-02-22 01:30:55
876,1329,,2499,UPI,failed,2024-06-07 05:02:31
877,1329,704,2499,Card,success,2024-06-07 05:53:31
878,1333,705,2499,UPI,success,2023-08-27 19:28:44
879,1334,706,2499,Card,success,2025-09-07 02:23:27
880,1335,707,4499,UPI,success,2026-01-18 08:32:08
881,1343,708,2499,UPI,success,2026-05-25 23:11:48
882,1344,709,2499,Wallet,success,2025-01-15 18:50:14
883,1346,710,2499,UPI,success,2023-10-07 05:01:39
884,1351,711,999,NetBanking,success,2025-12-19 06:04:49
885,1352,,999,Card,failed,2025-01-15 11:38:09
886,1352,712,999,Card,success,2025-01-15 12:06:09
887,1357,713,999,UPI,success,2026-05-27 20:43:01
888,1361,,4499,UPI,failed,2024-05-03 14:10:00
889,1361,714,4499,UPI,success,2024-05-03 15:10:00
890,1365,715,2499,UPI,success,2026-01-24 02:17:57
891,1367,716,999,NetBanking,refunded,2026-02-04 22:50:51
892,1368,717,2499,NetBanking,success,2024-01-29 17:43:33
893,1376,718,2499,UPI,success,2026-02-20 15:44:46
894,1378,719,4499,UPI,success,2024-10-30 15:43:16
895,1382,720,999,UPI,success,2026-02-07 17:31:44
896,1382,721,999,UPI,success,2026-04-13 14:41:28
897,1383,722,2499,UPI,success,2026-05-21 20:49:16
898,1385,723,999,NetBanking,success,2024-08-01 23:35:49
899,1387,,4499,Card,failed,2024-11-16 14:26:07
900,1387,724,4499,UPI,success,2024-11-16 14:33:07
901,1387,725,999,UPI,success,2025-06-14 07:25:30
902,1391,,2499,NetBanking,failed,2023-09-13 16:40:08
903,1391,,2499,Card,failed,2023-09-13 16:47:08
904,1391,726,2499,UPI,success,2023-09-13 17:01:08
905,1395,,2499,Wallet,failed,2024-08-01 11:06:07
906,1395,727,2499,UPI,success,2024-08-01 11:51:07
907,1398,728,999,NetBanking,success,2023-03-11 14:14:18
908,1403,729,2499,Wallet,success,2025-08-04 10:14:50
909,1407,,999,Card,failed,2026-05-16 04:46:42
910,1407,730,999,Card,success,2026-05-16 04:49:42
911,1410,731,2499,UPI,refunded,2026-05-17 10:04:27
912,1411,732,4499,UPI,success,2023-10-11 01:29:17
913,1411,,999,Card,failed,2024-10-08 12:38:59
914,1411,,999,NetBanking,failed,2024-10-08 12:44:59
915,1411,733,999,UPI,success,2024-10-08 12:56:59
916,1411,734,4499,Card,success,2025-05-10 22:20:40
917,1413,735,2499,Card,success,2025-08-20 06:58:01
918,1413,736,999,UPI,success,2026-02-11 19:16:45
919,1414,,2499,UPI,failed,2025-08-27 02:40:56
920,1414,737,2499,Card,success,2025-08-27 03:27:56
921,1417,738,4499,UPI,success,2025-01-17 00:30:27
922,1417,739,2499,UPI,success,2025-07-31 08:10:26
923,1418,740,2499,Card,success,2024-02-29 02:45:27
924,1421,741,999,Wallet,success,2025-08-21 13:07:50
925,1423,,2499,Card,failed,2024-04-14 17:16:58
926,1423,742,2499,UPI,success,2024-04-14 17:58:58
927,1426,743,4499,UPI,success,2024-04-28 05:24:36
928,1427,744,999,UPI,success,2024-05-02 04:02:07
929,1427,745,4499,Card,success,2024-09-27 18:18:13
930,1435,746,2499,Card,success,2023-09-22 13:35:13
931,1437,747,999,Card,success,2024-01-21 18:20:28
932,1438,748,4499,UPI,success,2023-06-06 06:20:25
933,1438,749,2499,Card,success,2024-03-22 06:45:00
934,1441,750,999,UPI,success,2025-09-12 08:27:35
935,1441,,999,Wallet,failed,2025-11-30 15:08:44
936,1441,751,999,UPI,success,2025-11-30 15:30:44
937,1443,752,4499,UPI,success,2025-11-22 05:18:49
938,1447,753,999,Card,success,2024-09-02 19:28:33
939,1447,,999,UPI,failed,2024-12-26 13:30:44
940,1447,754,999,Card,success,2024-12-26 14:16:44
941,1448,755,999,NetBanking,success,2025-10-30 09:29:43
942,1448,,4499,NetBanking,failed,2025-12-31 17:50:55
943,1448,756,4499,UPI,success,2025-12-31 18:18:55
944,1449,757,2499,NetBanking,success,2024-03-03 19:49:26
945,1449,758,999,Card,success,2024-09-28 22:28:36
946,1451,759,999,UPI,success,2023-08-29 12:58:28
947,1454,760,999,Card,success,2026-05-28 13:15:41
948,1455,,2499,UPI,failed,2023-10-14 22:02:10
949,1455,761,2499,UPI,success,2023-10-14 22:54:10
950,1457,762,2499,Wallet,success,2025-02-08 14:29:06
951,1457,763,999,UPI,refunded,2025-07-08 02:12:52
952,1459,764,2499,NetBanking,success,2023-12-28 11:56:45
953,1460,765,2499,Card,success,2025-04-14 15:52:41
954,1460,766,2499,UPI,success,2025-10-06 03:15:16
955,1460,767,999,UPI,success,2026-05-04 23:57:08
956,1461,768,4499,NetBanking,success,2024-11-02 08:54:19
957,1463,769,2499,Card,success,2023-10-13 21:36:01
958,1467,770,999,UPI,success,2024-05-10 14:53:47
959,1470,771,999,Card,success,2025-06-25 15:30:02
960,1471,772,999,UPI,success,2023-09-30 05:03:55
961,1473,773,2499,UPI,success,2024-11-15 07:25:33
962,1473,774,2499,Card,success,2025-07-16 03:34:07
963,1478,,2499,UPI,failed,2026-02-21 12:59:41
964,1478,,2499,NetBanking,failed,2026-02-21 12:55:41
965,1478,775,2499,UPI,success,2026-02-21 13:15:41
966,1480,776,4499,Card,success,2023-07-28 12:23:49
967,1482,777,2499,UPI,refunded,2026-05-20 20:40:41
968,1483,778,2499,UPI,success,2023-08-10 23:31:00
969,1485,779,2499,NetBanking,success,2025-12-05 17:28:28
970,1487,780,2499,UPI,success,2024-04-15 05:56:36
971,1487,,2499,UPI,failed,2025-01-14 07:53:38
972,1487,781,2499,Wallet,success,2025-01-14 08:15:38
973,1488,,2499,Wallet,failed,2025-12-11 04:21:08
974,1488,782,2499,Card,success,2025-12-11 05:13:08
975,1494,783,999,UPI,success,2024-03-23 13:02:05
976,1496,784,2499,NetBanking,success,2024-08-31 10:53:53
977,1497,785,4499,Card,success,2024-12-25 17:40:08
978,1498,,4499,Card,failed,2026-05-18 18:27:41
979,1498,786,4499,Wallet,success,2026-05-18 18:44:41
980,1499,787,999,Card,success,2023-07-02 19:05:39
981,1502,788,2499,UPI,success,2024-07-27 07:00:40
982,1504,,999,UPI,failed,2026-04-12 16:12:42
983,1504,789,999,UPI,success,2026-04-12 16:37:42
984,1506,,4499,NetBanking,failed,2026-05-09 01:57:15
985,1506,790,4499,NetBanking,success,2026-05-09 02:47:15
986,1516,791,2499,Card,success,2024-01-06 01:53:16
987,1516,792,999,Card,success,2024-07-14 17:45:13
988,1516,793,4499,UPI,success,2024-09-18 08:43:10
989,1518,794,2499,NetBanking,success,2025-02-22 22:24:38
990,1521,,999,UPI,failed,2024-12-28 14:44:05
991,1521,795,999,Card,success,2024-12-28 15:22:05
992,1527,796,999,Card,success,2024-07-25 06:36:54
993,1530,797,999,Card,success,2024-09-21 06:21:56
994,1530,798,999,Card,success,2025-04-30 05:56:16
995,1532,799,2499,NetBanking,success,2023-12-29 21:43:13
996,1532,800,999,UPI,success,2024-08-12 04:29:11
997,1532,801,999,UPI,success,2024-12-22 12:59:31
998,1535,,4499,UPI,failed,2023-09-09 12:02:59
999,1535,,4499,UPI,failed,2023-09-09 11:52:59
1000,1535,802,4499,UPI,success,2023-09-09 12:12:59
1001,1536,803,4499,UPI,success,2026-05-29 23:38:08
1002,1538,804,2499,UPI,success,2025-02-11 11:23:23
1003,1539,,999,UPI,failed,2025-10-13 22:24:22
1004,1539,,999,UPI,failed,2025-10-13 22:36:22
1005,1539,805,999,UPI,success,2025-10-13 22:46:22
1006,1541,806,2499,NetBanking,success,2023-05-22 02:33:35
1007,1541,807,2499,UPI,success,2023-10-03 20:08:55
1008,1542,808,4499,UPI,success,2025-04-07 22:16:54
1009,1544,809,999,Card,success,2025-08-12 23:46:55
1010,1546,810,2499,UPI,success,2025-05-31 02:34:51
1011,1548,,2499,UPI,failed,2023-10-25 02:16:03
1012,1548,811,2499,NetBanking,success,2023-10-25 02:25:03
1013,1549,812,4499,Wallet,success,2025-12-10 07:02:51
1014,1551,813,2499,UPI,success,2025-08-29 04:39:20
1015,1551,814,999,UPI,success,2026-03-30 00:02:17
1016,1551,815,2499,Wallet,success,2026-05-17 20:29:39
1017,1554,816,2499,UPI,success,2025-11-04 13:14:19
1018,1554,817,2499,NetBanking,success,2026-04-23 08:27:05
1019,1555,818,4499,UPI,success,2024-02-11 08:34:18
1020,1556,819,2499,Card,success,2023-04-05 21:09:17
1021,1556,820,2499,UPI,success,2023-12-13 01:07:33
1022,1556,821,2499,UPI,success,2024-06-14 13:40:37
1023,1557,822,999,Card,success,2025-04-14 23:16:28
1024,1557,823,999,UPI,success,2025-07-07 14:10:26
1025,1558,824,2499,UPI,success,2023-12-20 08:58:58
1026,1558,825,2499,UPI,success,2024-05-10 18:05:46
1027,1558,826,2499,UPI,success,2025-01-05 10:35:20
1028,1561,827,999,Card,success,2023-07-31 01:27:22
1029,1565,828,999,UPI,success,2023-08-25 13:15:13
1030,1570,,999,UPI,failed,2024-03-09 23:12:01
1031,1570,829,999,UPI,success,2024-03-09 23:58:01
1032,1571,830,999,UPI,success,2025-03-28 00:41:22
1033,1584,,999,Card,failed,2026-05-21 07:38:49
1034,1584,831,999,Card,success,2026-05-21 08:24:49
1035,1585,832,2499,Card,success,2023-12-10 00:40:56
1036,1587,,2499,UPI,failed,2025-04-30 05:15:53
1037,1587,833,2499,NetBanking,success,2025-04-30 05:34:53
1038,1591,834,999,Wallet,success,2026-01-28 05:48:07
1039,1592,,4499,Card,failed,2026-04-27 09:00:57
1040,1592,835,4499,NetBanking,success,2026-04-27 09:22:57
1041,1593,836,999,NetBanking,success,2023-08-22 02:47:51
1042,1597,837,999,UPI,success,2026-06-11 02:30:14
1043,1600,,2499,Wallet,failed,2026-01-17 03:28:55
1044,1600,,2499,Wallet,failed,2026-01-17 03:31:55
1045,1600,838,2499,UPI,success,2026-01-17 03:57:55
1046,1601,839,999,Wallet,success,2025-10-19 05:37:52
1047,1601,,999,UPI,failed,2026-04-03 01:22:45
1048,1601,840,999,UPI,success,2026-04-03 01:46:45
1049,1604,841,999,UPI,success,2025-01-20 11:30:27
1050,1604,842,4499,Wallet,success,2025-09-02 14:56:07
1051,1607,,4499,UPI,failed,2026-03-11 09:49:22
1052,1607,843,4499,Card,success,2026-03-11 09:57:22
1053,1609,844,999,UPI,success,2023-12-23 02:15:25
1054,1623,845,999,UPI,success,2026-04-23 21:23:01
1055,1623,846,2499,Card,success,2026-05-27 02:15:56
1056,1626,847,999,Card,refunded,2023-07-16 09:24:57
1057,1633,848,999,UPI,success,2024-01-02 13:24:07
1058,1634,849,4499,UPI,success,2024-09-07 15:09:52
1059,1635,850,2499,UPI,success,2023-11-23 15:27:35
1060,1637,851,999,UPI,success,2023-12-30 07:19:07
1061,1639,,999,UPI,failed,2023-08-26 18:27:25
1062,1639,852,999,UPI,success,2023-08-26 19:18:25
1063,1642,853,4499,UPI,success,2023-10-31 17:31:14
1064,1642,,999,Card,failed,2024-07-29 03:16:49
1065,1642,854,999,Wallet,success,2024-07-29 03:20:49
1066,1643,855,2499,UPI,success,2026-03-19 13:03:03
1067,1645,856,999,UPI,success,2026-05-22 16:46:55
1068,1649,,2499,Card,failed,2024-08-29 02:10:25
1069,1649,857,2499,Wallet,success,2024-08-29 03:04:25
1070,1649,858,2499,UPI,success,2024-12-31 23:41:14
1071,1651,859,999,NetBanking,success,2025-01-17 16:19:29
1072,1651,860,999,UPI,success,2025-06-25 17:48:05
1073,1652,861,999,UPI,success,2024-02-11 04:30:45
1074,1656,862,2499,UPI,success,2023-12-10 22:19:15
1075,1661,863,2499,NetBanking,success,2024-05-13 15:34:47
1076,1661,864,999,UPI,success,2024-11-28 03:44:52
1077,1661,,2499,Card,failed,2025-05-08 08:08:06
1078,1661,865,2499,UPI,success,2025-05-08 08:16:06
1079,1663,866,2499,Card,refunded,2023-06-30 07:35:02
1080,1665,867,2499,NetBanking,success,2023-08-26 04:50:30
1081,1667,868,4499,UPI,success,2025-06-17 15:59:47
1082,1668,869,999,UPI,success,2025-06-13 04:27:23
1083,1671,,2499,UPI,failed,2023-10-28 13:52:54
1084,1671,870,2499,UPI,success,2023-10-28 14:11:54
1085,1672,871,4499,NetBanking,success,2023-11-13 17:51:56
1086,1672,872,999,UPI,success,2024-05-24 04:20:47
1087,1673,,2499,UPI,failed,2024-07-28 20:18:10
1088,1673,873,2499,UPI,success,2024-07-28 21:00:10
1089,1678,,999,Wallet,failed,2025-11-19 18:35:29
1090,1678,874,999,UPI,success,2025-11-19 18:52:29
1091,1678,875,4499,UPI,success,2026-06-10 10:26:23
1092,1680,876,999,Card,success,2024-03-07 09:11:24
1093,1681,877,999,UPI,success,2024-04-08 07:42:01
1094,1684,878,999,UPI,success,2026-04-02 09:24:03
1095,1685,879,999,UPI,success,2024-03-17 11:02:09
1096,1685,880,999,Card,success,2024-05-23 20:24:23
1097,1690,881,999,UPI,success,2024-11-27 21:29:07
1098,1694,882,2499,UPI,success,2023-04-19 01:02:01
1099,1695,883,4499,UPI,success,2025-12-20 06:30:22
1100,1697,884,4499,Card,success,2025-03-06 14:38:28
1101,1699,885,2499,UPI,success,2024-12-13 20:43:41
1102,1700,,2499,UPI,failed,2023-05-13 23:23:21
1103,1700,,2499,Card,failed,2023-05-13 23:47:21
1104,1700,886,2499,UPI,success,2023-05-13 23:51:21
1105,1700,887,999,UPI,success,2024-01-03 21:44:05
1106,1702,888,2499,Wallet,success,2026-02-09 05:52:29
1107,1706,889,2499,UPI,success,2023-05-10 22:05:08
1108,1711,,2499,UPI,failed,2024-07-21 23:48:24
1109,1711,,2499,UPI,failed,2024-07-22 00:27:24
1110,1711,890,2499,Card,success,2024-07-22 00:37:24
1111,1711,891,999,UPI,success,2024-10-25 07:00:50
1112,1711,892,2499,UPI,success,2025-03-03 02:46:08
1113,1714,893,999,Card,success,2025-04-23 05:09:40
1114,1719,,2499,UPI,failed,2023-05-06 16:38:54
1115,1719,894,2499,Card,refunded,2023-05-06 17:29:54
1116,1719,895,4499,UPI,success,2023-11-30 19:41:57
1117,1720,896,2499,Card,success,2025-09-05 09:39:08
1118,1722,897,999,UPI,success,2025-05-15 00:56:30
1119,1724,898,4499,UPI,success,2023-10-12 12:13:07
1120,1729,,999,UPI,failed,2024-09-30 12:50:26
1121,1729,899,999,Card,success,2024-09-30 13:04:26
1122,1729,900,999,UPI,success,2025-04-01 07:48:50
1123,1729,901,4499,Wallet,success,2025-06-16 14:05:29
1124,1733,902,4499,Card,success,2024-11-22 04:39:46
1125,1734,903,999,Wallet,success,2023-05-03 22:04:40
1126,1741,,2499,UPI,failed,2023-04-16 14:05:39
1127,1741,904,2499,UPI,success,2023-04-16 14:40:39
1128,1751,905,4499,Card,success,2023-06-26 14:10:20
1129,1756,,4499,UPI,failed,2025-06-04 22:07:37
1130,1756,906,4499,Card,success,2025-06-04 22:57:37
1131,1756,907,2499,UPI,success,2026-03-06 08:53:37
1132,1759,908,999,Card,success,2024-01-03 22:24:42
1133,1759,,2499,UPI,failed,2024-03-29 08:43:08
1134,1759,909,2499,Wallet,success,2024-03-29 09:21:08
1135,1760,910,999,Card,success,2024-12-10 14:01:00
1136,1764,911,4499,UPI,success,2025-06-22 14:53:49
1137,1770,912,999,UPI,success,2026-01-25 18:39:28
1138,1770,913,4499,Card,success,2026-05-19 17:30:41
1139,1771,,2499,Card,failed,2023-02-20 10:41:38
1140,1771,914,2499,NetBanking,success,2023-02-20 11:30:38
1141,1776,915,4499,UPI,success,2026-03-01 12:27:39
1142,1777,,2499,UPI,failed,2024-06-23 14:42:23
1143,1777,916,2499,NetBanking,success,2024-06-23 15:09:23
1144,1777,917,999,Card,success,2025-01-03 07:48:13
1145,1777,,999,UPI,failed,2025-07-06 07:25:05
1146,1777,918,999,NetBanking,success,2025-07-06 08:12:05
1147,1778,919,4499,Card,success,2025-09-25 01:54:52
1148,1780,920,999,UPI,success,2026-02-17 02:06:50
1149,1781,921,999,Wallet,success,2024-09-16 20:38:34
1150,1781,922,999,UPI,success,2025-01-23 22:22:51
1151,1782,,999,UPI,failed,2024-06-25 15:16:30
1152,1782,,999,NetBanking,failed,2024-06-25 15:10:30
1153,1782,923,999,UPI,success,2024-06-25 15:55:30
1154,1784,,2499,Wallet,failed,2024-11-23 16:24:40
1155,1784,924,2499,UPI,success,2024-11-23 17:08:40
1156,1787,925,999,UPI,success,2023-08-17 11:54:58
1157,1795,926,2499,Card,success,2026-02-26 07:49:04
1158,1795,,2499,UPI,failed,2026-06-02 20:37:16
1159,1795,,2499,UPI,failed,2026-06-02 21:32:16
1160,1795,927,2499,UPI,success,2026-06-02 21:35:16
1161,1796,928,999,Card,success,2024-10-30 13:31:40
1162,1796,929,4499,Card,success,2025-02-08 02:43:47
1163,1796,930,4499,Wallet,success,2026-02-13 14:53:55
1164,1798,,4499,UPI,failed,2023-10-23 12:25:39
1165,1798,931,4499,UPI,success,2023-10-23 12:30:39
1166,1798,,999,Wallet,failed,2024-04-30 16:42:58
1167,1798,932,999,UPI,success,2024-04-30 17:40:58
1168,1799,933,999,UPI,success,2024-03-16 19:29:21
1169,1800,934,2499,Card,success,2024-05-22 01:02:32
1170,1801,935,2499,Card,success,2024-08-04 04:56:52
1171,1802,936,2499,NetBanking,success,2024-03-23 18:33:43
1172,1803,937,2499,NetBanking,success,2026-04-29 15:58:53
1173,1812,938,999,UPI,success,2025-07-07 07:23:27
1174,1813,,2499,UPI,failed,2025-01-07 09:53:58
1175,1813,939,2499,NetBanking,success,2025-01-07 10:46:58
1176,1819,940,999,UPI,success,2026-06-10 04:44:53
1177,1822,941,999,NetBanking,success,2025-11-07 20:07:41
1178,1822,942,999,Card,success,2025-12-08 14:31:17
1179,1823,943,4499,UPI,success,2023-09-01 18:05:55
1180,1823,,999,UPI,failed,2024-04-15 12:14:21
1181,1823,,999,NetBanking,failed,2024-04-15 12:07:21
1182,1823,944,999,Card,success,2024-04-15 12:25:21
1183,1824,,999,Wallet,failed,2024-09-01 14:33:24
1184,1824,,999,UPI,failed,2024-09-01 14:39:24
1185,1824,945,999,UPI,success,2024-09-01 14:42:24
1186,1826,946,2499,UPI,success,2025-12-08 07:28:38
1187,1827,,999,NetBanking,failed,2026-01-22 21:21:08
1188,1827,947,999,NetBanking,success,2026-01-22 21:56:08
1189,1829,948,4499,Card,success,2026-05-28 19:25:07
1190,1830,949,999,Card,success,2025-11-05 04:47:43
1191,1831,950,4499,UPI,success,2025-08-23 05:10:55
1192,1832,951,999,UPI,success,2025-04-27 23:50:48
1193,1832,,999,Card,failed,2025-07-25 22:46:12
1194,1832,,999,UPI,failed,2025-07-25 22:47:12
1195,1832,952,999,NetBanking,success,2025-07-25 23:39:12
1196,1833,953,999,UPI,success,2023-10-26 11:31:20
1197,1835,954,2499,UPI,success,2026-05-18 11:57:15
1198,1838,955,999,NetBanking,success,2024-04-14 18:06:42
1199,1842,956,4499,UPI,success,2026-02-17 10:52:44
1200,1843,957,999,Card,success,2024-12-27 12:26:00
1201,1843,958,2499,Card,success,2025-03-15 22:40:32
1202,1844,959,4499,Wallet,success,2025-08-15 09:56:50
1203,1848,960,999,UPI,success,2023-08-24 15:20:46
1204,1848,961,999,UPI,success,2023-10-08 23:03:35
1205,1850,962,999,UPI,success,2023-11-29 05:08:51
1206,1852,963,2499,UPI,success,2023-06-02 16:28:52
1207,1852,964,2499,Card,success,2023-10-27 16:25:42
1208,1856,965,999,UPI,success,2025-10-18 17:48:48
1209,1861,966,999,UPI,success,2024-08-19 16:52:14
1210,1865,967,999,Card,success,2024-02-08 07:30:45
1211,1867,968,999,UPI,success,2025-09-24 22:57:27
1212,1870,,2499,Wallet,failed,2024-07-08 16:29:54
1213,1870,969,2499,Card,success,2024-07-08 16:33:54
1214,1873,,2499,Wallet,failed,2023-06-30 05:56:03
1215,1873,970,2499,Card,success,2023-06-30 06:29:03
1216,1876,971,2499,Card,success,2026-03-08 18:16:42
1217,1878,972,4499,NetBanking,success,2023-08-25 18:09:12
1218,1878,973,999,Card,success,2024-07-19 09:53:51
1219,1879,974,999,UPI,success,2024-09-07 23:57:10
1220,1879,975,2499,Card,success,2025-01-16 05:51:30
1221,1880,976,999,UPI,success,2025-12-14 20:57:55
1222,1881,,2499,Card,failed,2023-06-12 14:48:05
1223,1881,977,2499,NetBanking,success,2023-06-12 15:43:05
1224,1885,978,999,Card,success,2023-08-23 01:38:41
1225,1888,979,999,UPI,success,2025-04-19 04:55:43
1226,1892,980,999,NetBanking,success,2025-05-12 12:57:34
1227,1897,981,2499,UPI,success,2025-09-15 03:55:09
1228,1898,,2499,Wallet,failed,2024-02-22 17:38:14
1229,1898,982,2499,UPI,success,2024-02-22 17:46:14
1230,1900,983,999,UPI,success,2025-10-13 00:06:20
1231,1901,984,999,UPI,success,2023-08-09 18:18:52
1232,1901,,999,Wallet,failed,2023-10-03 10:11:00
1233,1901,985,999,UPI,success,2023-10-03 10:33:00
1234,1902,,999,UPI,failed,2024-09-09 08:43:00
1235,1902,986,999,NetBanking,success,2024-09-09 08:55:00
1236,1904,987,999,Card,success,2025-02-03 15:51:52
1237,1912,988,4499,Card,refunded,2025-05-20 08:54:02
1238,1912,989,2499,UPI,success,2026-06-04 06:46:16
1239,1915,990,2499,UPI,success,2023-09-20 08:56:16
1240,1915,991,999,Wallet,success,2024-03-11 18:40:07
1241,1916,992,999,UPI,success,2023-11-10 08:29:25
1242,1918,993,2499,Card,success,2026-01-05 11:53:15
1243,1920,994,4499,Wallet,refunded,2023-11-22 13:57:17
1244,1928,,999,UPI,failed,2024-06-27 11:43:16
1245,1928,,999,NetBanking,failed,2024-06-27 11:01:16
1246,1928,995,999,UPI,success,2024-06-27 11:48:16
1247,1929,996,999,UPI,success,2024-01-19 15:19:01
1248,1929,997,2499,Wallet,success,2024-06-03 10:11:22
1249,1933,998,4499,UPI,success,2024-04-01 06:55:42
1250,1936,999,999,UPI,success,2026-04-14 17:36:01
1251,1938,1000,999,Card,success,2023-05-21 23:30:12
1252,1942,1001,999,NetBanking,success,2026-05-30 13:30:42
1253,1943,1002,2499,Card,success,2025-03-17 02:56:06
1254,1944,1003,999,UPI,success,2025-09-18 07:57:05
1255,1946,1004,999,UPI,success,2026-06-01 03:18:10
1256,1947,1005,4499,Wallet,success,2024-07-10 19:05:30
1257,1951,1006,2499,Wallet,success,2026-04-14 11:46:45
1258,1954,1007,2499,UPI,success,2024-06-14 01:16:01
1259,1958,,999,UPI,failed,2025-04-10 15:02:31
1260,1958,1008,999,Card,success,2025-04-10 15:37:31
1261,1959,,4499,UPI,failed,2024-04-15 06:56:06
1262,1959,1009,4499,Card,success,2024-04-15 07:46:06
1263,1959,1010,999,NetBanking,success,2025-02-16 23:09:48
1264,1964,,2499,Card,failed,2024-08-25 23:05:32
1265,1964,1011,2499,Card,success,2024-08-25 23:35:32
1266,1964,,999,Card,failed,2025-05-12 03:35:27
1267,1964,1012,999,Card,success,2025-05-12 03:44:27
1268,1967,1013,4499,UPI,refunded,2026-05-29 08:11:22
1269,1969,,4499,UPI,failed,2023-09-14 20:46:16
1270,1969,1014,4499,NetBanking,success,2023-09-14 21:10:16
1271,1974,,4499,UPI,failed,2025-09-12 05:23:14
1272,1974,1015,4499,UPI,success,2025-09-12 05:59:14
1273,1978,,4499,UPI,failed,2026-01-12 03:38:11
1274,1978,1016,4499,Wallet,success,2026-01-12 04:22:11
1275,1980,1017,2499,Card,success,2026-04-27 09:13:13
1276,1981,1018,999,Wallet,refunded,2024-10-26 20:00:20
1277,1981,1019,2499,UPI,success,2025-05-05 09:00:46
1278,1981,1020,4499,Wallet,success,2025-09-14 11:38:34
1279,1982,1021,999,UPI,success,2026-04-24 11:44:56
1280,1983,1022,999,UPI,success,2025-02-07 07:44:14
1281,1983,1023,999,Card,success,2025-06-18 17:48:42
1282,1989,1024,999,UPI,success,2024-01-21 18:05:37
1283,1992,1025,2499,UPI,success,2026-03-07 07:58:35
1284,1995,1026,999,NetBanking,success,2025-03-11 11:14:06
1285,1995,1027,2499,UPI,refunded,2025-10-19 11:21:39
1286,1996,1028,999,UPI,refunded,2025-01-02 13:23:08
1287,2000,1029,999,UPI,success,2026-04-25 16:30:45
1288,2000,1030,999,UPI,success,2026-06-10 21:33:28
