subscription_id,user_id,plan_id,start_date,end_date,status,auto_renew
1,1,2,2025-12-25,2026-03-25,expired,1
2,4,2,2023-10-07,2024-01-05,expired,0
3,6,2,2025-07-14,2025-10-12,expired,0
4,6,2,2026-02-02,2026-05-03,expired,1
5,6,1,2026-06-08,2026-07-08,active,0
6,8,1,2026-01-30,2026-03-01,expired,0
7,8,1,2026-03-15,2026-04-14,expired,0
8,9,2,2026-03-25,2026-06-23,active,1
9,11,1,2024-08-15,2024-09-14,expired,1
10,11,2,2025-01-16,2025-04-16,expired,0
11,16,1,2024-05-15,2024-06-14,expired,0
12,17,2,2025-09-09,2025-12-08,expired,1
13,17,2,2026-02-16,2026-05-17,expired,0
14,19,3,2025-07-14,2026-01-10,expired,0
15,19,1,2026-03-08,2026-04-07,expired,1
16,19,3,2026-06-01,2026-11-28,active,1
17,22,2,2025-10-19,2026-01-17,expired,0
18,23,1,2024-05-14,2024-06-13,expired,0
19,24,3,2024-01-24,2024-07-22,expired,1
20,25,2,2025-07-09,2025-10-07,cancelled,0
21,25,2,2026-01-03,2026-04-03,expired,0
22,27,1,2025-06-27,2025-07-27,expired,1
23,27,2,2026-01-27,2026-04-27,cancelled,0
24,29,1,2025-07-16,2025-08-15,expired,1
25,29,2,2025-10-15,2026-01-13,cancelled,0
26,32,2,2024-06-09,2024-09-07,expired,0
27,37,1,2024-04-17,2024-05-17,expired,0
28,39,2,2025-05-04,2025-08-02,expired,1
29,39,2,2025-10-19,2026-01-17,cancelled,1
30,44,1,2025-04-17,2025-05-17,expired,0
31,44,2,2025-10-15,2026-01-13,expired,0
32,45,2,2025-05-09,2025-08-07,expired,0
33,51,2,2023-08-22,2023-11-20,expired,1
34,52,2,2024-03-07,2024-06-05,expired,0
35,52,2,2024-12-21,2025-03-21,expired,1
36,53,2,2025-10-07,2026-01-05,expired,0
37,53,2,2026-04-20,2026-07-19,active,0
38,58,2,2024-02-19,2024-05-19,expired,0
39,58,2,2024-10-29,2025-01-27,expired,1
40,64,1,2025-04-26,2025-05-26,expired,0
41,65,3,2024-12-26,2025-06-24,expired,0
42,65,3,2025-08-11,2026-02-07,expired,0
43,67,1,2023-12-25,2024-01-24,expired,0
44,71,3,2025-02-27,2025-08-26,cancelled,0
45,74,1,2026-06-03,2026-07-03,cancelled,0
46,83,3,2024-07-16,2025-01-12,cancelled,0
47,86,2,2023-07-07,2023-10-05,expired,0
48,87,2,2025-10-07,2026-01-05,expired,1
49,88,3,2025-01-02,2025-07-01,expired,0
50,88,1,2025-08-28,2025-09-27,expired,0
51,89,1,2026-04-24,2026-05-24,expired,1
52,90,1,2023-09-13,2023-10-13,expired,0
53,90,1,2024-01-12,2024-02-11,expired,0
54,94,1,2026-01-14,2026-02-13,expired,0
55,95,3,2023-12-13,2024-06-10,expired,1
56,96,2,2024-11-20,2025-02-18,expired,1
57,97,1,2023-09-04,2023-10-04,expired,0
58,98,1,2026-06-08,2026-07-08,active,0
59,100,2,2025-12-19,2026-03-19,expired,0
60,103,2,2025-02-03,2025-05-04,cancelled,0
61,103,1,2025-10-09,2025-11-08,expired,1
62,107,1,2023-08-19,2023-09-18,expired,1
63,108,1,2023-12-10,2024-01-09,expired,1
64,110,2,2023-11-07,2024-02-05,expired,0
65,110,1,2024-08-03,2024-09-02,expired,0
66,111,1,2023-12-10,2024-01-09,expired,0
67,113,1,2026-05-04,2026-06-03,expired,0
68,116,2,2024-05-30,2024-08-28,expired,0
69,117,3,2024-10-04,2025-04-02,expired,0
70,117,2,2025-09-04,2025-12-03,expired,0
71,117,2,2026-02-05,2026-05-06,expired,0
72,121,2,2025-08-03,2025-11-01,expired,0
73,123,1,2024-12-09,2025-01-08,expired,0
74,126,1,2024-03-11,2024-04-10,expired,0
75,130,1,2023-09-28,2023-10-28,expired,0
76,130,2,2024-01-01,2024-03-31,expired,0
77,135,2,2023-11-24,2024-02-22,expired,1
78,135,2,2024-03-04,2024-06-02,expired,0
79,136,3,2025-11-18,2026-05-17,cancelled,0
80,137,1,2023-10-11,2023-11-10,expired,1
81,143,1,2023-12-07,2024-01-06,expired,0
82,145,1,2025-03-14,2025-04-13,expired,0
83,146,1,2024-10-12,2024-11-11,expired,0
84,152,2,2025-03-11,2025-06-09,expired,0
85,158,1,2023-08-26,2023-09-25,expired,0
86,158,1,2023-12-27,2024-01-26,expired,0
87,160,1,2023-05-25,2023-06-24,expired,0
88,160,2,2023-09-10,2023-12-09,expired,0
89,160,2,2024-04-15,2024-07-14,expired,0
90,161,2,2026-03-22,2026-06-20,active,0
91,164,2,2023-09-10,2023-12-09,expired,1
92,166,1,2024-10-26,2024-11-25,expired,0
93,167,2,2023-07-21,2023-10-19,expired,0
94,169,1,2025-03-04,2025-04-03,expired,1
95,173,1,2024-01-18,2024-02-17,expired,0
96,176,3,2025-05-31,2025-11-27,cancelled,1
97,179,1,2026-06-07,2026-07-07,active,0
98,182,2,2025-12-22,2026-03-22,expired,0
99,182,1,2026-04-06,2026-05-06,expired,0
100,184,2,2024-06-14,2024-09-12,expired,0
101,187,2,2026-04-08,2026-07-07,active,0
102,189,2,2023-11-23,2024-02-21,cancelled,0
103,189,2,2024-04-21,2024-07-20,expired,0
104,190,1,2025-05-01,2025-05-31,expired,0
105,190,1,2025-06-21,2025-07-21,expired,0
106,190,2,2025-10-19,2026-01-17,expired,1
107,198,3,2026-06-03,2026-11-30,active,1
108,199,2,2024-11-22,2025-02-20,expired,0
109,200,2,2026-02-26,2026-05-27,expired,1
110,201,2,2024-11-11,2025-02-09,expired,1
111,201,1,2025-03-16,2025-04-15,expired,0
112,201,3,2025-06-24,2025-12-21,expired,0
113,203,1,2023-10-23,2023-11-22,expired,0
114,204,1,2025-07-30,2025-08-29,expired,1
115,206,3,2026-06-11,2026-12-08,active,1
116,207,3,2024-12-15,2025-06-13,expired,0
117,207,3,2025-12-03,2026-06-01,expired,1
118,207,1,2026-06-04,2026-07-04,active,0
119,211,2,2026-05-17,2026-08-15,active,0
120,212,1,2026-05-28,2026-06-27,cancelled,1
121,213,1,2024-06-23,2024-07-23,expired,0
122,213,2,2024-09-03,2024-12-02,expired,0
123,213,2,2025-01-19,2025-04-19,expired,0
124,215,2,2024-07-01,2024-09-29,expired,0
125,216,1,2026-05-23,2026-06-22,active,0
126,224,2,2024-12-08,2025-03-08,expired,0
127,224,1,2025-04-23,2025-05-23,expired,1
128,227,1,2025-11-22,2025-12-22,expired,0
129,228,2,2023-06-14,2023-09-12,expired,0
130,228,3,2023-11-25,2024-05-23,expired,0
131,228,3,2024-08-16,2025-02-12,expired,0
132,229,2,2025-06-29,2025-09-27,expired,1
133,229,1,2026-03-10,2026-04-09,expired,0
134,234,1,2024-09-05,2024-10-05,expired,1
135,234,1,2024-12-26,2025-01-25,expired,0
136,236,2,2024-02-09,2024-05-09,expired,1
137,236,2,2024-07-25,2024-10-23,expired,0
138,237,3,2025-04-19,2025-10-16,expired,0
139,238,1,2023-09-10,2023-10-10,expired,1
140,239,2,2024-01-29,2024-04-28,expired,0
141,240,3,2024-06-26,2024-12-23,expired,1
142,240,1,2025-04-26,2025-05-26,expired,1
143,240,2,2025-09-02,2025-12-01,expired,1
144,245,1,2024-07-12,2024-08-11,expired,1
145,246,2,2023-07-31,2023-10-29,expired,0
146,253,1,2024-07-29,2024-08-28,expired,1
147,253,3,2025-02-13,2025-08-12,expired,0
148,258,2,2026-03-31,2026-06-29,cancelled,0
149,260,1,2025-06-25,2025-07-25,expired,0
150,262,1,2023-05-23,2023-06-22,expired,1
151,264,2,2025-03-26,2025-06-24,expired,0
152,264,1,2025-11-05,2025-12-05,expired,0
153,266,2,2025-03-25,2025-06-23,expired,0
154,267,2,2025-10-19,2026-01-17,expired,0
155,274,1,2023-12-15,2024-01-14,expired,1
156,274,1,2024-06-05,2024-07-05,expired,0
157,275,2,2024-08-13,2024-11-11,cancelled,0
158,275,2,2025-01-06,2025-04-06,expired,0
159,275,2,2025-04-17,2025-07-16,expired,0
160,278,2,2023-07-31,2023-10-29,expired,0
161,281,2,2024-10-03,2025-01-01,expired,0
162,292,1,2026-03-07,2026-04-06,expired,0
163,295,3,2023-10-06,2024-04-03,expired,1
164,295,1,2024-04-19,2024-05-19,expired,0
165,295,2,2024-11-26,2025-02-24,expired,0
166,300,2,2024-12-23,2025-03-23,expired,0
167,301,1,2026-03-03,2026-04-02,expired,1
168,301,1,2026-05-06,2026-06-05,expired,0
169,303,1,2026-04-28,2026-05-28,expired,0
170,306,3,2024-12-16,2025-06-14,expired,1
171,307,2,2024-03-21,2024-06-19,expired,0
172,312,1,2025-07-02,2025-08-01,expired,1
173,313,3,2025-11-14,2026-05-13,expired,1
174,313,3,2026-05-30,2026-11-26,active,0
175,319,3,2024-02-15,2024-08-13,expired,0
176,320,1,2025-09-15,2025-10-15,expired,0
177,323,3,2023-07-05,2024-01-01,expired,0
178,323,2,2024-01-03,2024-04-02,expired,0
179,324,3,2025-01-10,2025-07-09,expired,1
180,326,3,2023-12-29,2024-06-26,expired,0
181,328,3,2024-04-07,2024-10-04,expired,0
182,329,2,2024-03-23,2024-06-21,expired,0
183,331,1,2025-01-22,2025-02-21,expired,1
184,333,1,2023-10-15,2023-11-14,expired,1
185,333,2,2024-02-22,2024-05-22,expired,0
186,336,1,2023-05-28,2023-06-27,expired,0
187,340,2,2023-07-29,2023-10-27,expired,0
188,341,1,2023-06-28,2023-07-28,expired,0
189,341,1,2023-08-29,2023-09-28,expired,1
190,341,2,2023-12-23,2024-03-22,expired,0
191,342,2,2023-12-24,2024-03-23,expired,0
192,342,1,2024-08-23,2024-09-22,expired,0
193,343,2,2026-06-05,2026-09-03,cancelled,0
194,349,3,2023-08-01,2024-01-28,expired,0
195,357,2,2024-12-12,2025-03-12,expired,0
196,366,1,2025-10-16,2025-11-15,expired,0
197,366,1,2025-12-24,2026-01-23,expired,1
198,375,3,2024-10-16,2025-04-14,expired,0
199,377,3,2023-09-19,2024-03-17,expired,0
200,377,3,2024-05-08,2024-11-04,expired,0
201,378,1,2024-05-22,2024-06-21,expired,0
202,382,2,2023-11-14,2024-02-12,expired,1
203,384,1,2025-01-16,2025-02-15,expired,0
204,384,1,2025-05-29,2025-06-28,expired,0
205,385,2,2023-08-28,2023-11-26,expired,0
206,385,2,2024-05-15,2024-08-13,expired,1
207,386,2,2025-12-29,2026-03-29,expired,0
208,386,3,2026-04-02,2026-09-29,active,1
209,387,3,2025-08-20,2026-02-16,expired,0
210,390,1,2023-04-03,2023-05-03,expired,0
211,391,1,2025-11-26,2025-12-26,cancelled,0
212,394,1,2023-10-01,2023-10-31,expired,0
213,397,2,2024-09-27,2024-12-26,expired,0
214,398,2,2024-11-20,2025-02-18,expired,1
215,399,1,2026-06-11,2026-07-11,active,0
216,400,3,2024-07-28,2025-01-24,expired,1
217,402,1,2025-12-16,2026-01-15,expired,0
218,409,2,2025-08-28,2025-11-26,expired,1
219,410,2,2023-03-30,2023-06-28,expired,1
220,411,3,2023-06-20,2023-12-17,expired,0
221,412,1,2025-01-30,2025-03-01,expired,0
222,415,2,2025-04-20,2025-07-19,expired,1
223,416,2,2025-09-08,2025-12-07,expired,0
224,416,1,2026-03-09,2026-04-08,expired,1
225,419,1,2025-12-25,2026-01-24,expired,1
226,419,2,2026-01-26,2026-04-26,expired,0
227,419,1,2026-06-04,2026-07-04,active,1
228,421,1,2024-08-13,2024-09-12,expired,0
229,421,2,2024-10-11,2025-01-09,expired,1
230,422,1,2026-05-01,2026-05-31,expired,0
231,422,3,2026-06-01,2026-11-28,active,0
232,428,2,2024-05-11,2024-08-09,expired,0
233,431,1,2025-11-05,2025-12-05,expired,1
234,433,2,2026-04-07,2026-07-06,cancelled,0
235,435,1,2025-11-29,2025-12-29,expired,0
236,438,1,2025-02-20,2025-03-22,expired,0
237,439,1,2024-11-11,2024-12-11,expired,1
238,441,2,2025-03-19,2025-06-17,expired,0
239,441,1,2025-07-02,2025-08-01,expired,0
240,443,1,2026-01-03,2026-02-02,expired,0
241,444,1,2024-03-18,2024-04-17,expired,1
242,445,3,2023-04-25,2023-10-22,expired,1
243,446,3,2023-11-05,2024-05-03,expired,0
244,447,2,2023-11-30,2024-02-28,cancelled,0
245,450,2,2025-08-03,2025-11-01,expired,0
246,451,2,2024-11-04,2025-02-02,expired,1
247,451,3,2025-05-12,2025-11-08,expired,1
248,451,2,2025-11-20,2026-02-18,expired,0
249,453,1,2024-08-24,2024-09-23,cancelled,0
250,453,2,2025-02-06,2025-05-07,expired,0
251,459,2,2024-10-03,2025-01-01,expired,0
252,461,2,2024-01-24,2024-04-23,expired,0
253,461,1,2024-08-25,2024-09-24,expired,0
254,462,1,2023-12-15,2024-01-14,expired,0
255,465,1,2026-05-07,2026-06-06,expired,1
256,470,2,2026-01-30,2026-04-30,expired,0
257,473,1,2025-08-22,2025-09-21,expired,1
258,474,1,2023-09-18,2023-10-18,expired,1
259,478,2,2024-03-25,2024-06-23,expired,0
260,478,2,2024-12-15,2025-03-15,expired,0
261,478,3,2025-04-28,2025-10-25,expired,1
262,481,2,2026-05-02,2026-07-31,active,0
263,482,2,2024-08-25,2024-11-23,expired,0
264,487,2,2024-09-17,2024-12-16,expired,0
265,488,1,2026-01-31,2026-03-02,expired,0
266,491,1,2023-08-03,2023-09-02,expired,0
267,491,2,2023-12-09,2024-03-08,expired,1
268,496,1,2025-06-11,2025-07-11,cancelled,0
269,497,2,2025-05-23,2025-08-21,expired,0
270,499,2,2023-09-24,2023-12-23,expired,0
271,499,2,2024-05-16,2024-08-14,expired,1
272,499,2,2024-11-05,2025-02-03,expired,0
273,500,2,2023-05-03,2023-08-01,expired,1
274,500,1,2024-02-12,2024-03-13,expired,1
275,505,2,2024-09-20,2024-12-19,expired,0
276,505,1,2025-07-04,2025-08-03,expired,0
277,505,1,2026-01-05,2026-02-04,expired,1
278,508,1,2025-09-09,2025-10-09,expired,0
279,508,1,2026-03-21,2026-04-20,expired,0
280,508,1,2026-06-03,2026-07-03,active,0
281,514,1,2023-10-01,2023-10-31,expired,0
282,519,1,2026-01-04,2026-02-03,cancelled,0
283,519,1,2026-04-10,2026-05-10,expired,0
284,524,1,2026-05-20,2026-06-19,active,0
285,525,2,2025-01-26,2025-04-26,expired,1
286,525,1,2025-07-05,2025-08-04,expired,0
287,525,1,2025-12-05,2026-01-04,expired,0
288,526,2,2026-01-24,2026-04-24,expired,0
289,527,2,2025-01-21,2025-04-21,expired,1
290,527,1,2025-06-07,2025-07-07,expired,0
291,528,2,2024-05-30,2024-08-28,expired,0
292,529,1,2024-01-11,2024-02-10,expired,0
293,532,1,2025-12-13,2026-01-12,expired,0
294,533,3,2023-10-13,2024-04-10,expired,0
295,534,2,2024-01-22,2024-04-21,expired,1
296,535,1,2025-07-19,2025-08-18,expired,0
297,538,2,2026-06-10,2026-09-08,active,0
298,542,1,2023-07-19,2023-08-18,expired,0
299,543,1,2025-08-03,2025-09-02,expired,0
300,550,2,2024-10-27,2025-01-25,expired,0
301,550,2,2025-08-01,2025-10-30,expired,0
302,551,3,2023-10-05,2024-04-02,expired,0
303,552,1,2025-08-06,2025-09-05,expired,0
304,552,1,2026-03-10,2026-04-09,expired,1
305,556,2,2025-02-26,2025-05-27,expired,0
306,556,2,2025-10-16,2026-01-14,cancelled,0
307,556,1,2026-03-27,2026-04-26,expired,0
308,558,1,2026-06-07,2026-07-07,cancelled,0
309,561,3,2025-06-16,2025-12-13,expired,0
310,561,1,2026-04-30,2026-05-30,expired,0
311,561,2,2026-06-01,2026-08-30,active,0
312,566,1,2025-12-16,2026-01-15,expired,1
313,568,1,2025-09-07,2025-10-07,expired,1
314,569,1,2023-07-07,2023-08-06,expired,0
315,570,2,2026-02-08,2026-05-09,expired,0
316,572,1,2024-02-24,2024-03-25,expired,0
317,572,1,2024-08-11,2024-09-10,expired,0
318,572,1,2025-02-19,2025-03-21,expired,0
319,576,1,2026-03-16,2026-04-15,expired,0
320,576,3,2026-05-16,2026-11-12,active,0
321,578,1,2025-01-31,2025-03-02,expired,0
322,581,3,2025-01-25,2025-07-24,expired,1
323,588,3,2026-05-16,2026-11-12,active,1
324,589,2,2026-03-17,2026-06-15,active,0
325,590,1,2025-10-01,2025-10-31,expired,1
326,593,3,2023-08-27,2024-02-23,cancelled,0
327,593,3,2024-05-23,2024-11-19,expired,0
328,596,3,2025-09-08,2026-03-07,expired,1
329,597,1,2026-04-30,2026-05-30,expired,0
330,597,3,2026-05-30,2026-11-26,active,0
331,599,1,2025-03-11,2025-04-10,expired,0
332,600,2,2023-06-13,2023-09-11,expired,1
333,601,1,2025-08-08,2025-09-07,expired,1
334,604,1,2025-03-10,2025-04-09,expired,0
335,605,1,2023-12-30,2024-01-29,expired,1
336,605,1,2024-06-12,2024-07-12,expired,1
337,608,2,2024-05-27,2024-08-25,expired,0
338,610,1,2023-09-13,2023-10-13,expired,1
339,616,3,2026-05-20,2026-11-16,active,1
340,625,2,2026-06-10,2026-09-08,cancelled,0
341,626,2,2024-05-04,2024-08-02,expired,0
342,626,2,2024-09-18,2024-12-17,expired,0
343,627,2,2026-05-08,2026-08-06,active,1
344,630,2,2023-09-03,2023-12-02,expired,0
345,633,2,2024-10-05,2025-01-03,expired,0
346,634,3,2025-02-02,2025-08-01,expired,0
347,634,1,2026-01-11,2026-02-10,expired,0
348,639,3,2025-07-27,2026-01-23,expired,1
349,639,2,2026-02-02,2026-05-03,expired,0
350,645,1,2023-07-14,2023-08-13,expired,1
351,652,1,2024-01-01,2024-01-31,expired,0
352,653,2,2025-01-18,2025-04-18,expired,0
353,654,2,2023-05-14,2023-08-12,expired,0
354,659,1,2023-09-05,2023-10-05,expired,0
355,664,2,2026-03-02,2026-05-31,expired,0
356,665,3,2025-06-17,2025-12-14,expired,0
357,665,1,2026-03-06,2026-04-05,expired,1
358,665,2,2026-05-07,2026-08-05,active,1
359,672,1,2023-12-21,2024-01-20,expired,0
360,672,2,2024-04-13,2024-07-12,expired,0
361,678,2,2024-05-01,2024-07-30,expired,0
362,680,2,2025-08-17,2025-11-15,expired,0
363,681,1,2026-03-30,2026-04-29,expired,0
364,685,1,2024-04-10,2024-05-10,cancelled,0
365,687,3,2023-08-06,2024-02-02,expired,1
366,689,1,2024-01-17,2024-02-16,expired,0
367,692,1,2025-07-02,2025-08-01,expired,1
368,696,1,2024-07-29,2024-08-28,cancelled,0
369,697,1,2024-02-10,2024-03-11,expired,0
370,699,2,2026-06-06,2026-09-04,active,0
371,700,1,2023-05-10,2023-06-09,expired,0
372,701,1,2026-04-09,2026-05-09,expired,1
373,703,2,2026-05-24,2026-08-22,active,0
374,710,1,2024-01-26,2024-02-25,expired,0
375,710,2,2024-09-06,2024-12-05,expired,0
376,710,3,2025-05-27,2025-11-23,expired,0
377,711,2,2025-07-11,2025-10-09,expired,0
378,711,3,2025-11-19,2026-05-18,expired,0
379,712,1,2023-12-29,2024-01-28,expired,0
380,716,2,2023-03-13,2023-06-11,expired,0
381,716,1,2023-09-30,2023-10-30,expired,0
382,718,1,2024-06-30,2024-07-30,expired,0
383,718,2,2024-08-12,2024-11-10,expired,0
384,722,1,2026-05-20,2026-06-19,active,0
385,724,1,2026-05-03,2026-06-02,expired,0
386,724,2,2026-06-06,2026-09-04,active,0
387,726,2,2023-06-05,2023-09-03,expired,0
388,726,1,2023-12-29,2024-01-28,expired,0
389,726,1,2024-02-14,2024-03-15,expired,0
390,727,1,2023-04-07,2023-05-07,expired,0
391,729,1,2026-03-16,2026-04-15,expired,0
392,730,1,2025-01-02,2025-02-01,expired,1
393,742,3,2024-06-03,2024-11-30,expired,0
394,742,1,2025-04-02,2025-05-02,expired,1
395,742,2,2025-09-17,2025-12-16,expired,0
396,747,1,2024-09-04,2024-10-04,expired,0
397,749,2,2025-08-09,2025-11-07,expired,0
398,751,1,2024-09-30,2024-10-30,expired,0
399,752,1,2024-02-15,2024-03-16,expired,0
400,754,3,2023-02-14,2023-08-13,expired,0
401,754,1,2024-02-13,2024-03-14,cancelled,0
402,755,3,2024-05-13,2024-11-09,expired,0
403,762,2,2024-03-04,2024-06-02,expired,0
404,763,2,2026-05-10,2026-08-08,active,0
405,766,1,2023-09-03,2023-10-03,expired,0
406,767,2,2023-12-25,2024-03-24,expired,0
407,771,1,2026-04-27,2026-05-27,expired,0
408,773,2,2024-11-24,2025-02-22,expired,0
409,774,2,2025-07-25,2025-10-23,expired,1
410,774,1,2026-01-05,2026-02-04,expired,0
411,774,2,2026-02-21,2026-05-22,expired,0
412,778,2,2024-04-23,2024-07-22,expired,0
413,784,3,2023-05-28,2023-11-24,expired,0
414,784,3,2023-12-12,2024-06-09,expired,0
415,788,1,2023-06-03,2023-07-03,expired,1
416,789,2,2023-11-06,2024-02-04,expired,0
417,789,2,2024-04-15,2024-07-14,expired,0
418,792,1,2026-05-14,2026-06-13,active,0
419,793,3,2023-11-19,2024-05-17,expired,1
420,793,2,2024-10-04,2025-01-02,expired,0
421,794,1,2024-12-09,2025-01-08,expired,0
422,794,1,2025-01-31,2025-03-02,expired,1
423,798,2,2024-02-03,2024-05-03,expired,0
424,801,2,2023-06-02,2023-08-31,expired,0
425,801,3,2024-03-17,2024-09-13,expired,0
426,807,3,2024-11-02,2025-05-01,expired,1
427,807,2,2025-09-27,2025-12-26,expired,0
428,808,1,2025-02-22,2025-03-24,expired,0
429,812,1,2023-10-29,2023-11-28,expired,0
430,819,3,2025-04-23,2025-10-20,expired,1
431,821,1,2024-03-07,2024-04-06,expired,0
432,823,1,2025-07-17,2025-08-16,expired,0
433,827,2,2024-10-18,2025-01-16,expired,0
434,827,1,2025-05-14,2025-06-13,cancelled,0
435,831,2,2023-05-09,2023-08-07,expired,0
436,831,1,2024-02-06,2024-03-07,expired,0
437,832,2,2024-09-06,2024-12-05,expired,0
438,846,1,2024-05-06,2024-06-05,cancelled,0
439,848,2,2026-05-20,2026-08-18,active,1
440,849,2,2024-12-31,2025-03-31,expired,0
441,851,1,2025-04-20,2025-05-20,expired,1
442,851,2,2025-10-28,2026-01-26,expired,1
443,851,1,2026-04-19,2026-05-19,expired,0
444,853,1,2025-11-23,2025-12-23,expired,0
445,859,3,2024-12-29,2025-06-27,expired,0
446,861,1,2025-07-30,2025-08-29,expired,1
447,861,3,2026-02-18,2026-08-17,active,0
448,862,3,2025-01-05,2025-07-04,expired,0
449,866,2,2025-11-15,2026-02-13,expired,0
450,867,1,2025-06-22,2025-07-22,expired,0
451,867,3,2025-09-07,2026-03-06,expired,0
452,876,2,2026-06-05,2026-09-03,active,0
453,882,1,2023-12-23,2024-01-22,expired,0
454,883,1,2023-12-07,2024-01-06,expired,0
455,883,1,2024-02-28,2024-03-29,expired,0
456,885,1,2025-01-31,2025-03-02,expired,0
457,890,2,2025-02-23,2025-05-24,expired,0
458,896,2,2026-05-24,2026-08-22,active,0
459,897,1,2023-08-04,2023-09-03,expired,0
460,899,2,2024-12-24,2025-03-24,expired,0
461,900,2,2025-10-08,2026-01-06,cancelled,0
462,902,3,2025-03-14,2025-09-10,cancelled,0
463,903,1,2025-02-08,2025-03-10,expired,0
464,904,2,2024-10-19,2025-01-17,expired,0
465,904,3,2025-03-03,2025-08-30,expired,0
466,907,1,2023-04-28,2023-05-28,expired,0
467,907,1,2023-06-01,2023-07-01,expired,0
468,910,2,2025-09-14,2025-12-13,expired,0
469,914,3,2024-01-29,2024-07-27,expired,0
470,914,2,2025-01-02,2025-04-02,expired,0
471,917,2,2024-09-08,2024-12-07,expired,1
472,919,2,2026-02-08,2026-05-09,expired,0
473,920,3,2023-11-24,2024-05-22,expired,0
474,925,2,2025-04-01,2025-06-30,expired,1
475,926,2,2026-03-26,2026-06-24,active,0
476,927,1,2025-02-15,2025-03-17,expired,1
477,928,1,2026-03-09,2026-04-08,expired,1
478,930,1,2026-03-07,2026-04-06,expired,0
479,931,1,2026-03-27,2026-04-26,expired,1
480,931,1,2026-05-21,2026-06-20,active,0
481,932,2,2024-07-15,2024-10-13,cancelled,1
482,932,3,2025-04-12,2025-10-09,expired,0
483,932,3,2026-03-11,2026-09-07,active,1
484,933,1,2026-06-08,2026-07-08,active,1
485,936,1,2024-10-28,2024-11-27,expired,0
486,942,3,2025-10-07,2026-04-05,expired,0
487,942,1,2026-04-13,2026-05-13,expired,0
488,943,1,2024-05-02,2024-06-01,expired,0
489,946,2,2024-06-08,2024-09-06,expired,0
490,946,1,2024-11-08,2024-12-08,expired,0
491,953,1,2024-01-26,2024-02-25,expired,0
492,953,3,2024-07-04,2024-12-31,expired,1
493,954,2,2024-08-13,2024-11-11,expired,0
494,955,2,2026-01-14,2026-04-14,expired,0
495,956,1,2024-06-26,2024-07-26,expired,1
496,957,2,2024-05-02,2024-07-31,expired,0
497,958,2,2026-02-07,2026-05-08,expired,0
498,958,2,2026-06-08,2026-09-06,cancelled,1
499,964,1,2024-07-08,2024-08-07,expired,1
500,964,1,2024-09-21,2024-10-21,cancelled,0
501,967,3,2024-12-15,2025-06-13,expired,0
502,971,3,2026-01-21,2026-07-20,active,0
503,972,3,2024-03-13,2024-09-09,expired,0
504,972,1,2024-10-23,2024-11-22,expired,0
505,975,1,2024-08-28,2024-09-27,expired,0
506,975,2,2025-01-16,2025-04-16,expired,0
507,978,3,2023-11-24,2024-05-22,expired,0
508,978,1,2024-09-07,2024-10-07,expired,0
509,979,2,2023-06-20,2023-09-18,expired,1
510,982,2,2026-04-17,2026-07-16,active,1
511,986,2,2024-04-30,2024-07-29,expired,1
512,986,1,2024-09-03,2024-10-03,expired,1
513,988,3,2024-08-25,2025-02-21,cancelled,1
514,993,3,2023-09-10,2024-03-08,expired,0
515,998,2,2025-09-09,2025-12-08,expired,1
516,999,2,2024-08-15,2024-11-13,expired,1
517,999,3,2025-02-26,2025-08-25,expired,0
518,1003,3,2024-12-08,2025-06-06,expired,0
519,1004,1,2026-01-15,2026-02-14,expired,1
520,1004,2,2026-02-17,2026-05-18,cancelled,1
521,1008,3,2023-08-20,2024-02-16,expired,0
522,1008,1,2024-03-09,2024-04-08,expired,0
523,1010,3,2023-11-17,2024-05-15,expired,0
524,1011,1,2024-02-01,2024-03-02,expired,0
525,1012,1,2026-02-28,2026-03-30,expired,1
526,1012,2,2026-05-18,2026-08-16,active,0
527,1013,1,2025-10-21,2025-11-20,expired,0
528,1016,1,2025-06-30,2025-07-30,expired,0
529,1016,3,2025-11-03,2026-05-02,expired,0
530,1023,1,2025-07-19,2025-08-18,expired,0
531,1026,2,2024-06-16,2024-09-14,expired,1
532,1029,2,2025-08-14,2025-11-12,expired,0
533,1031,2,2023-08-23,2023-11-21,expired,0
534,1033,1,2024-09-18,2024-10-18,expired,0
535,1033,2,2025-03-26,2025-06-24,expired,1
536,1034,1,2025-05-07,2025-06-06,expired,0
537,1036,1,2026-04-06,2026-05-06,expired,1
538,1037,2,2025-05-19,2025-08-17,expired,0
539,1038,1,2025-06-27,2025-07-27,cancelled,0
540,1042,2,2025-09-25,2025-12-24,expired,0
541,1045,1,2025-10-25,2025-11-24,expired,0
542,1047,3,2023-10-07,2024-04-04,expired,0
543,1048,1,2024-05-28,2024-06-27,expired,0
544,1049,1,2024-09-16,2024-10-16,expired,0
545,1051,1,2025-09-14,2025-10-14,expired,0
546,1055,2,2025-07-20,2025-10-18,expired,0
547,1059,2,2024-11-07,2025-02-05,expired,1
548,1059,2,2025-06-21,2025-09-19,expired,0
549,1059,2,2026-02-01,2026-05-02,expired,0
550,1066,1,2025-05-25,2025-06-24,expired,0
551,1066,3,2025-12-28,2026-06-26,active,0
552,1073,3,2025-06-14,2025-12-11,expired,1
553,1074,1,2025-03-23,2025-04-22,expired,0
554,1076,2,2026-04-20,2026-07-19,active,1
555,1077,2,2024-06-08,2024-09-06,expired,0
556,1078,2,2025-07-12,2025-10-10,expired,0
557,1078,2,2025-12-07,2026-03-07,cancelled,1
558,1082,2,2024-06-24,2024-09-22,cancelled,0
559,1082,1,2024-12-10,2025-01-09,expired,1
560,1084,2,2024-12-12,2025-03-12,expired,0
561,1085,2,2026-02-28,2026-05-29,expired,0
562,1086,1,2026-02-24,2026-03-26,expired,0
563,1086,2,2026-04-11,2026-07-10,cancelled,0
564,1087,3,2024-11-16,2025-05-15,expired,1
565,1087,2,2025-08-26,2025-11-24,expired,0
566,1088,2,2023-08-05,2023-11-03,expired,0
567,1089,1,2025-06-09,2025-07-09,expired,0
568,1089,1,2025-08-31,2025-09-30,expired,1
569,1090,2,2025-05-25,2025-08-23,expired,0
570,1090,3,2025-11-19,2026-05-18,cancelled,1
571,1095,2,2024-09-12,2024-12-11,expired,1
572,1095,2,2025-02-02,2025-05-03,cancelled,0
573,1098,2,2023-11-17,2024-02-15,expired,1
574,1106,1,2025-01-04,2025-02-03,expired,1
575,1106,3,2025-05-23,2025-11-19,expired,0
576,1106,2,2026-02-11,2026-05-12,expired,0
577,1107,1,2026-05-13,2026-06-12,active,0
578,1109,3,2026-02-19,2026-08-18,active,1
579,1112,1,2025-08-11,2025-09-10,expired,0
580,1112,1,2025-09-30,2025-10-30,expired,1
581,1112,2,2025-11-10,2026-02-08,expired,0
582,1114,2,2023-10-20,2024-01-18,expired,0
583,1118,1,2023-04-24,2023-05-24,expired,1
584,1119,3,2023-12-15,2024-06-12,expired,0
585,1124,1,2025-08-07,2025-09-06,expired,0
586,1124,2,2025-09-20,2025-12-19,expired,0
587,1129,2,2025-11-03,2026-02-01,expired,1
588,1129,1,2026-02-21,2026-03-23,expired,1
589,1130,3,2026-03-02,2026-08-29,active,0
590,1131,3,2025-12-02,2026-05-31,expired,0
591,1134,1,2023-09-25,2023-10-25,expired,0
592,1135,1,2023-09-26,2023-10-26,expired,0
593,1136,2,2026-05-11,2026-08-09,active,1
594,1139,1,2025-12-19,2026-01-18,expired,1
595,1139,1,2026-02-17,2026-03-19,expired,0
596,1140,2,2026-04-08,2026-07-07,active,0
597,1141,2,2025-08-16,2025-11-14,expired,1
598,1146,2,2024-12-21,2025-03-21,cancelled,1
599,1146,2,2025-08-16,2025-11-14,expired,1
600,1146,1,2026-03-21,2026-04-20,expired,0
601,1149,3,2026-03-12,2026-09-08,active,0
602,1153,2,2024-02-11,2024-05-11,expired,0
603,1153,3,2024-06-23,2024-12-20,expired,1
604,1154,2,2023-05-12,2023-08-10,expired,1
605,1154,1,2023-09-21,2023-10-21,expired,1
606,1155,1,2023-07-14,2023-08-13,expired,1
607,1155,1,2024-02-18,2024-03-19,expired,1
608,1160,2,2023-06-04,2023-09-02,expired,1
609,1163,1,2024-08-01,2024-08-31,expired,1
610,1163,1,2024-12-19,2025-01-18,expired,1
611,1165,1,2024-05-23,2024-06-22,expired,1
612,1166,1,2024-12-29,2025-01-28,expired,0
613,1167,2,2025-10-20,2026-01-18,expired,1
614,1167,1,2026-02-17,2026-03-19,expired,0
615,1167,1,2026-05-11,2026-06-10,expired,0
616,1170,2,2024-11-23,2025-02-21,expired,0
617,1171,1,2024-06-28,2024-07-28,expired,1
618,1176,1,2024-03-07,2024-04-06,cancelled,0
619,1176,1,2024-08-28,2024-09-27,expired,0
620,1183,3,2025-06-06,2025-12-03,expired,0
621,1183,2,2025-12-15,2026-03-15,expired,1
622,1184,1,2023-09-02,2023-10-02,expired,0
623,1186,3,2026-02-16,2026-08-15,active,1
624,1188,1,2025-05-13,2025-06-12,cancelled,0
625,1188,3,2025-10-25,2026-04-23,expired,0
626,1191,2,2023-10-17,2024-01-15,expired,0
627,1191,2,2024-03-22,2024-06-20,expired,1
628,1193,2,2024-03-13,2024-06-11,expired,0
629,1196,2,2023-10-04,2024-01-02,expired,0
630,1198,2,2023-01-17,2023-04-17,cancelled,0
631,1204,1,2025-02-05,2025-03-07,expired,1
632,1204,1,2025-05-11,2025-06-10,cancelled,0
633,1204,2,2025-10-21,2026-01-19,expired,0
634,1209,2,2025-07-29,2025-10-27,expired,0
635,1211,2,2024-06-05,2024-09-03,expired,0
636,1212,1,2025-12-30,2026-01-29,expired,0
637,1212,3,2026-06-01,2026-11-28,active,0
638,1214,2,2024-03-14,2024-06-12,expired,0
639,1214,2,2024-12-19,2025-03-19,expired,0
640,1217,2,2025-09-09,2025-12-08,expired,0
641,1218,1,2026-04-04,2026-05-04,expired,1
642,1219,2,2025-02-10,2025-05-11,expired,0
643,1220,3,2025-10-31,2026-04-29,expired,1
644,1225,2,2024-03-23,2024-06-21,expired,0
645,1225,1,2024-09-03,2024-10-03,expired,0
646,1226,1,2024-08-14,2024-09-13,cancelled,0
647,1228,1,2025-04-26,2025-05-26,expired,1
648,1229,3,2024-09-19,2025-03-18,expired,0
649,1230,1,2023-04-24,2023-05-24,expired,1
650,1233,1,2025-12-17,2026-01-16,expired,0
651,1234,2,2023-11-01,2024-01-30,expired,0
652,1234,1,2024-04-12,2024-05-12,expired,0
653,1235,3,2025-07-17,2026-01-13,expired,0
654,1235,3,2026-06-01,2026-11-28,active,0
655,1237,2,2025-07-31,2025-10-29,expired,0
656,1239,1,2025-11-04,2025-12-04,expired,1
657,1240,2,2024-10-19,2025-01-17,expired,0
658,1240,2,2025-04-02,2025-07-01,expired,0
659,1240,1,2025-09-23,2025-10-23,expired,0
660,1248,1,2025-11-23,2025-12-23,expired,0
661,1250,1,2026-06-08,2026-07-08,active,0
662,1253,1,2025-02-25,2025-03-27,expired,1
663,1254,1,2025-06-02,2025-07-02,expired,0
664,1256,1,2025-10-14,2025-11-13,expired,1
665,1259,1,2025-05-24,2025-06-23,expired,0
666,1259,2,2025-08-07,2025-11-05,expired,0
667,1262,1,2025-02-05,2025-03-07,expired,0
668,1265,3,2026-06-06,2026-12-03,active,0
669,1266,3,2024-09-25,2025-03-24,expired,1
670,1268,1,2026-05-06,2026-06-05,expired,1
671,1270,1,2023-09-12,2023-10-12,expired,0
672,1273,1,2025-09-26,2025-10-26,expired,1
673,1277,1,2025-03-31,2025-04-30,expired,1
674,1282,1,2025-02-19,2025-03-21,expired,0
675,1285,1,2024-01-14,2024-02-13,expired,1
676,1287,2,2026-05-18,2026-08-16,active,0
677,1291,2,2024-04-02,2024-07-01,expired,0
678,1291,1,2024-12-30,2025-01-29,expired,0
679,1302,1,2026-04-22,2026-05-22,expired,0
680,1302,2,2026-06-02,2026-08-31,active,0
681,1303,1,2026-05-30,2026-06-29,active,1
682,1305,1,2026-05-15,2026-06-14,active,0
683,1306,3,2024-07-16,2025-01-12,expired,0
684,1309,1,2024-04-03,2024-05-03,expired,1
685,1310,1,2026-05-01,2026-05-31,expired,0
686,1311,1,2024-01-08,2024-02-07,expired,0
687,1312,1,2026-06-06,2026-07-06,cancelled,1
688,1314,2,2023-12-01,2024-02-29,expired,0
689,1315,3,2024-09-11,2025-03-10,cancelled,0
690,1318,1,2025-03-04,2025-04-03,expired,1
691,1319,1,2025-09-05,2025-10-05,expired,1
692,1319,2,2025-10-19,2026-01-17,cancelled,0
693,1320,3,2023-08-23,2024-02-19,expired,0
694,1320,2,2024-03-08,2024-06-06,cancelled,1
695,1322,1,2023-08-12,2023-09-11,expired,1
696,1322,1,2023-11-03,2023-12-03,expired,0
697,1324,3,2026-06-02,2026-11-29,active,1
698,1326,2,2024-04-10,2024-07-09,expired,0
699,1326,2,2025-01-09,2025-04-09,expired,0
700,1327,1,2025-04-16,2025-05-16,expired,0
701,1327,3,2025-08-20,2026-02-16,expired,0
702,1327,2,2026-04-13,2026-07-12,cancelled,0
703,1328,1,2025-02-22,2025-03-24,expired,0
704,1329,2,2024-06-07,2024-09-05,expired,0
705,1333,2,2023-08-27,2023-11-25,expired,0
706,1334,2,2025-09-07,2025-12-06,expired,0
707,1335,3,2026-01-18,2026-07-17,active,0
708,1343,2,2026-05-25,2026-08-23,active,0
709,1344,2,2025-01-15,2025-04-15,expired,0
710,1346,2,2023-10-07,2024-01-05,expired,1
711,1351,1,2025-12-19,2026-01-18,expired,0
712,1352,1,2025-01-15,2025-02-14,expired,1
713,1357,1,2026-05-27,2026-06-26,active,0
714,1361,3,2024-05-03,2024-10-30,expired,1
715,1365,2,2026-01-24,2026-04-24,expired,1
716,1367,1,2026-02-04,2026-03-06,cancelled,1
717,1368,2,2024-01-29,2024-04-28,expired,1
718,1376,2,2026-02-20,2026-05-21,expired,1
719,1378,3,2024-10-30,2025-04-28,expired,1
720,1382,1,2026-02-07,2026-03-09,expired,0
721,1382,1,2026-04-13,2026-05-13,expired,0
722,1383,2,2026-05-21,2026-08-19,active,0
723,1385,1,2024-08-01,2024-08-31,expired,0
724,1387,3,2024-11-16,2025-05-15,expired,0
725,1387,1,2025-06-14,2025-07-14,expired,0
726,1391,2,2023-09-13,2023-12-12,expired,0
727,1395,2,2024-08-01,2024-10-30,expired,0
728,1398,1,2023-03-11,2023-04-10,expired,0
729,1403,2,2025-08-04,2025-11-02,expired,0
730,1407,1,2026-05-16,2026-06-15,active,0
731,1410,2,2026-05-17,2026-08-15,cancelled,0
732,1411,3,2023-10-11,2024-04-08,expired,0
733,1411,1,2024-10-08,2024-11-07,expired,0
734,1411,3,2025-05-10,2025-11-06,expired,0
735,1413,2,2025-08-20,2025-11-18,expired,1
736,1413,1,2026-02-11,2026-03-13,expired,0
737,1414,2,2025-08-27,2025-11-25,expired,0
738,1417,3,2025-01-17,2025-07-16,expired,0
739,1417,2,2025-07-31,2025-10-29,expired,1
740,1418,2,2024-02-29,2024-05-29,expired,1
741,1421,1,2025-08-21,2025-09-20,expired,0
742,1423,2,2024-04-14,2024-07-13,expired,0
743,1426,3,2024-04-28,2024-10-25,expired,0
744,1427,1,2024-05-02,2024-06-01,cancelled,0
745,1427,3,2024-09-27,2025-03-26,expired,0
746,1435,2,2023-09-22,2023-12-21,expired,1
747,1437,1,2024-01-21,2024-02-20,cancelled,0
748,1438,3,2023-06-06,2023-12-03,expired,0
749,1438,2,2024-03-22,2024-06-20,expired,1
750,1441,1,2025-09-12,2025-10-12,expired,0
751,1441,1,2025-11-30,2025-12-30,expired,0
752,1443,3,2025-11-22,2026-05-21,expired,0
753,1447,1,2024-09-02,2024-10-02,expired,0
754,1447,1,2024-12-26,2025-01-25,expired,0
755,1448,1,2025-10-30,2025-11-29,expired,0
756,1448,3,2025-12-31,2026-06-29,active,0
757,1449,2,2024-03-03,2024-06-01,expired,0
758,1449,1,2024-09-28,2024-10-28,expired,1
759,1451,1,2023-08-29,2023-09-28,expired,0
760,1454,1,2026-05-28,2026-06-27,active,0
761,1455,2,2023-10-14,2024-01-12,expired,0
762,1457,2,2025-02-08,2025-05-09,expired,1
763,1457,1,2025-07-08,2025-08-07,cancelled,0
764,1459,2,2023-12-28,2024-03-27,expired,0
765,1460,2,2025-04-14,2025-07-13,expired,1
766,1460,2,2025-10-06,2026-01-04,expired,0
767,1460,1,2026-05-04,2026-06-03,expired,1
768,1461,3,2024-11-02,2025-05-01,expired,1
769,1463,2,2023-10-13,2024-01-11,expired,0
770,1467,1,2024-05-10,2024-06-09,expired,0
771,1470,1,2025-06-25,2025-07-25,expired,1
772,1471,1,2023-09-30,2023-10-30,expired,0
773,1473,2,2024-11-15,2025-02-13,expired,1
774,1473,2,2025-07-16,2025-10-14,expired,0
775,1478,2,2026-02-21,2026-05-22,expired,1
776,1480,3,2023-07-28,2024-01-24,expired,0
777,1482,2,2026-05-20,2026-08-18,cancelled,1
778,1483,2,2023-08-10,2023-11-08,expired,0
779,1485,2,2025-12-05,2026-03-05,expired,1
780,1487,2,2024-04-15,2024-07-14,expired,1
781,1487,2,2025-01-14,2025-04-14,cancelled,1
782,1488,2,2025-12-11,2026-03-11,cancelled,1
783,1494,1,2024-03-23,2024-04-22,expired,0
784,1496,2,2024-08-31,2024-11-29,expired,0
785,1497,3,2024-12-25,2025-06-23,expired,0
786,1498,3,2026-05-18,2026-11-14,active,0
787,1499,1,2023-07-02,2023-08-01,expired,1
788,1502,2,2024-07-27,2024-10-25,expired,0
789,1504,1,2026-04-12,2026-05-12,expired,0
790,1506,3,2026-05-09,2026-11-05,active,0
791,1516,2,2024-01-06,2024-04-05,expired,1
792,1516,1,2024-07-14,2024-08-13,expired,0
793,1516,3,2024-09-18,2025-03-17,expired,1
794,1518,2,2025-02-22,2025-05-23,expired,0
795,1521,1,2024-12-28,2025-01-27,cancelled,1
796,1527,1,2024-07-25,2024-08-24,expired,1
797,1530,1,2024-09-21,2024-10-21,cancelled,0
798,1530,1,2025-04-30,2025-05-30,expired,0
799,1532,2,2023-12-29,2024-03-28,expired,0
800,1532,1,2024-08-12,2024-09-11,expired,1
801,1532,1,2024-12-22,2025-01-21,expired,0
802,1535,3,2023-09-09,2024-03-07,expired,0
803,1536,3,2026-05-29,2026-11-25,active,1
804,1538,2,2025-02-11,2025-05-12,expired,0
805,1539,1,2025-10-13,2025-11-12,expired,1
806,1541,2,2023-05-22,2023-08-20,expired,0
807,1541,2,2023-10-03,2024-01-01,expired,1
808,1542,3,2025-04-07,2025-10-04,expired,0
809,1544,1,2025-08-12,2025-09-11,expired,0
810,1546,2,2025-05-31,2025-08-29,expired,1
811,1548,2,2023-10-25,2024-01-23,expired,0
812,1549,3,2025-12-10,2026-06-08,expired,0
813,1551,2,2025-08-29,2025-11-27,expired,0
814,1551,1,2026-03-30,2026-04-29,expired,0
815,1551,2,2026-05-17,2026-08-15,active,0
816,1554,2,2025-11-04,2026-02-02,expired,0
817,1554,2,2026-04-23,2026-07-22,active,0
818,1555,3,2024-02-11,2024-08-09,expired,0
819,1556,2,2023-04-05,2023-07-04,expired,0
820,1556,2,2023-12-13,2024-03-12,expired,1
821,1556,2,2024-06-14,2024-09-12,expired,0
822,1557,1,2025-04-14,2025-05-14,expired,0
823,1557,1,2025-07-07,2025-08-06,expired,0
824,1558,2,2023-12-20,2024-03-19,cancelled,0
825,1558,2,2024-05-10,2024-08-08,expired,0
826,1558,2,2025-01-05,2025-04-05,expired,0
827,1561,1,2023-07-31,2023-08-30,expired,1
828,1565,1,2023-08-25,2023-09-24,expired,1
829,1570,1,2024-03-09,2024-04-08,expired,0
830,1571,1,2025-03-28,2025-04-27,expired,0
831,1584,1,2026-05-21,2026-06-20,active,0
832,1585,2,2023-12-10,2024-03-09,expired,0
833,1587,2,2025-04-30,2025-07-29,expired,1
834,1591,1,2026-01-28,2026-02-27,expired,0
835,1592,3,2026-04-27,2026-10-24,active,1
836,1593,1,2023-08-22,2023-09-21,expired,0
837,1597,1,2026-06-11,2026-07-11,active,0
838,1600,2,2026-01-17,2026-04-17,expired,1
839,1601,1,2025-10-19,2025-11-18,expired,0
840,1601,1,2026-04-03,2026-05-03,expired,0
841,1604,1,2025-01-20,2025-02-19,expired,0
842,1604,3,2025-09-02,2026-03-01,expired,0
843,1607,3,2026-03-11,2026-09-07,active,0
844,1609,1,2023-12-23,2024-01-22,expired,0
845,1623,1,2026-04-23,2026-05-23,expired,1
846,1623,2,2026-05-27,2026-08-25,active,1
847,1626,1,2023-07-16,2023-08-15,cancelled,0
848,1633,1,2024-01-02,2024-02-01,expired,1
849,1634,3,2024-09-07,2025-03-06,expired,0
850,1635,2,2023-11-23,2024-02-21,cancelled,0
851,1637,1,2023-12-30,2024-01-29,expired,0
852,1639,1,2023-08-26,2023-09-25,expired,0
853,1642,3,2023-10-31,2024-04-28,expired,0
854,1642,1,2024-07-29,2024-08-28,expired,1
855,1643,2,2026-03-19,2026-06-17,active,0
856,1645,1,2026-05-22,2026-06-21,active,0
857,1649,2,2024-08-29,2024-11-27,expired,1
858,1649,2,2024-12-31,2025-03-31,expired,0
859,1651,1,2025-01-17,2025-02-16,expired,1
860,1651,1,2025-06-25,2025-07-25,expired,1
861,1652,1,2024-02-11,2024-03-12,expired,1
862,1656,2,2023-12-10,2024-03-09,cancelled,0
863,1661,2,2024-05-13,2024-08-11,expired,0
864,1661,1,2024-11-28,2024-12-28,expired,0
865,1661,2,2025-05-08,2025-08-06,cancelled,1
866,1663,2,2023-06-30,2023-09-28,cancelled,1
867,1665,2,2023-08-26,2023-11-24,cancelled,0
868,1667,3,2025-06-17,2025-12-14,expired,0
869,1668,1,2025-06-13,2025-07-13,cancelled,0
870,1671,2,2023-10-28,2024-01-26,expired,1
871,1672,3,2023-11-13,2024-05-11,expired,0
872,1672,1,2024-05-24,2024-06-23,expired,0
873,1673,2,2024-07-28,2024-10-26,expired,0
874,1678,1,2025-11-19,2025-12-19,expired,0
875,1678,3,2026-06-10,2026-12-07,active,0
876,1680,1,2024-03-07,2024-04-06,expired,1
877,1681,1,2024-04-08,2024-05-08,expired,0
878,1684,1,2026-04-02,2026-05-02,expired,0
879,1685,1,2024-03-17,2024-04-16,expired,1
880,1685,1,2024-05-23,2024-06-22,expired,0
881,1690,1,2024-11-27,2024-12-27,expired,0
882,1694,2,2023-04-19,2023-07-18,expired,0
883,1695,3,2025-12-20,2026-06-18,active,0
884,1697,3,2025-03-06,2025-09-02,expired,1
885,1699,2,2024-12-13,2025-03-13,expired,1
886,1700,2,2023-05-13,2023-08-11,expired,1
887,1700,1,2024-01-03,2024-02-02,expired,1
888,1702,2,2026-02-09,2026-05-10,expired,0
889,1706,2,2023-05-10,2023-08-08,expired,1
890,1711,2,2024-07-22,2024-10-20,expired,0
891,1711,1,2024-10-25,2024-11-24,expired,0
892,1711,2,2025-03-03,2025-06-01,expired,0
893,1714,1,2025-04-23,2025-05-23,expired,0
894,1719,2,2023-05-06,2023-08-04,cancelled,1
895,1719,3,2023-11-30,2024-05-28,expired,0
896,1720,2,2025-09-05,2025-12-04,expired,0
897,1722,1,2025-05-15,2025-06-14,expired,0
898,1724,3,2023-10-12,2024-04-09,expired,0
899,1729,1,2024-09-30,2024-10-30,expired,0
900,1729,1,2025-04-01,2025-05-01,expired,1
901,1729,3,2025-06-16,2025-12-13,expired,0
902,1733,3,2024-11-22,2025-05-21,expired,0
903,1734,1,2023-05-03,2023-06-02,expired,1
904,1741,2,2023-04-16,2023-07-15,expired,0
905,1751,3,2023-06-26,2023-12-23,expired,0
906,1756,3,2025-06-04,2025-12-01,expired,1
907,1756,2,2026-03-06,2026-06-04,expired,0
908,1759,1,2024-01-03,2024-02-02,expired,1
909,1759,2,2024-03-29,2024-06-27,expired,1
910,1760,1,2024-12-10,2025-01-09,expired,0
911,1764,3,2025-06-22,2025-12-19,expired,0
912,1770,1,2026-01-25,2026-02-24,expired,1
913,1770,3,2026-05-19,2026-11-15,active,1
914,1771,2,2023-02-20,2023-05-21,expired,0
915,1776,3,2026-03-01,2026-08-28,active,0
916,1777,2,2024-06-23,2024-09-21,expired,0
917,1777,1,2025-01-03,2025-02-02,expired,0
918,1777,1,2025-07-06,2025-08-05,expired,1
919,1778,3,2025-09-25,2026-03-24,expired,0
920,1780,1,2026-02-17,2026-03-19,expired,0
921,1781,1,2024-09-16,2024-10-16,expired,0
922,1781,1,2025-01-23,2025-02-22,expired,0
923,1782,1,2024-06-25,2024-07-25,expired,0
924,1784,2,2024-11-23,2025-02-21,expired,1
925,1787,1,2023-08-17,2023-09-16,expired,0
926,1795,2,2026-02-26,2026-05-27,expired,1
927,1795,2,2026-06-02,2026-08-31,active,1
928,1796,1,2024-10-30,2024-11-29,expired,0
929,1796,3,2025-02-08,2025-08-07,expired,1
930,1796,3,2026-02-13,2026-08-12,active,0
931,1798,3,2023-10-23,2024-04-20,expired,0
932,1798,1,2024-04-30,2024-05-30,expired,0
933,1799,1,2024-03-16,2024-04-15,expired,0
934,1800,2,2024-05-22,2024-08-20,expired,0
935,1801,2,2024-08-04,2024-11-02,expired,0
936,1802,2,2024-03-23,2024-06-21,expired,1
937,1803,2,2026-04-29,2026-07-28,active,0
938,1812,1,2025-07-07,2025-08-06,expired,0
939,1813,2,2025-01-07,2025-04-07,cancelled,0
940,1819,1,2026-06-10,2026-07-10,active,1
941,1822,1,2025-11-07,2025-12-07,expired,0
942,1822,1,2025-12-08,2026-01-07,expired,1
943,1823,3,2023-09-01,2024-02-28,expired,0
944,1823,1,2024-04-15,2024-05-15,expired,0
945,1824,1,2024-09-01,2024-10-01,expired,0
946,1826,2,2025-12-08,2026-03-08,expired,1
947,1827,1,2026-01-22,2026-02-21,expired,0
948,1829,3,2026-05-28,2026-11-24,active,1
949,1830,1,2025-11-05,2025-12-05,expired,1
950,1831,3,2025-08-23,2026-02-19,expired,1
951,1832,1,2025-04-27,2025-05-27,expired,0
952,1832,1,2025-07-25,2025-08-24,expired,1
953,1833,1,2023-10-26,2023-11-25,expired,0
954,1835,2,2026-05-18,2026-08-16,active,0
955,1838,1,2024-04-14,2024-05-14,expired,0
956,1842,3,2026-02-17,2026-08-16,active,1
957,1843,1,2024-12-27,2025-01-26,expired,0
958,1843,2,2025-03-15,2025-06-13,expired,0
959,1844,3,2025-08-15,2026-02-11,expired,1
960,1848,1,2023-08-24,2023-09-23,expired,0
961,1848,1,2023-10-08,2023-11-07,expired,0
962,1850,1,2023-11-29,2023-12-29,expired,0
963,1852,2,2023-06-02,2023-08-31,expired,0
964,1852,2,2023-10-27,2024-01-25,cancelled,1
965,1856,1,2025-10-18,2025-11-17,expired,0
966,1861,1,2024-08-19,2024-09-18,expired,0
967,1865,1,2024-02-08,2024-03-09,expired,0
968,1867,1,2025-09-24,2025-10-24,expired,0
969,1870,2,2024-07-08,2024-10-06,expired,0
970,1873,2,2023-06-30,2023-09-28,expired,0
971,1876,2,2026-03-08,2026-06-06,expired,0
972,1878,3,2023-08-25,2024-02-21,expired,0
973,1878,1,2024-07-19,2024-08-18,expired,1
974,1879,1,2024-09-07,2024-10-07,expired,1
975,1879,2,2025-01-16,2025-04-16,expired,1
976,1880,1,2025-12-14,2026-01-13,expired,0
977,1881,2,2023-06-12,2023-09-10,expired,0
978,1885,1,2023-08-23,2023-09-22,expired,0
979,1888,1,2025-04-19,2025-05-19,expired,1
980,1892,1,2025-05-12,2025-06-11,cancelled,1
981,1897,2,2025-09-15,2025-12-14,expired,0
982,1898,2,2024-02-22,2024-05-22,expired,0
983,1900,1,2025-10-13,2025-11-12,expired,0
984,1901,1,2023-08-09,2023-09-08,expired,1
985,1901,1,2023-10-03,2023-11-02,expired,1
986,1902,1,2024-09-09,2024-10-09,expired,0
987,1904,1,2025-02-03,2025-03-05,expired,0
988,1912,3,2025-05-20,2025-11-16,cancelled,0
989,1912,2,2026-06-04,2026-09-02,active,0
990,1915,2,2023-09-20,2023-12-19,expired,1
991,1915,1,2024-03-11,2024-04-10,expired,0
992,1916,1,2023-11-10,2023-12-10,expired,0
993,1918,2,2026-01-05,2026-04-05,expired,0
994,1920,3,2023-11-22,2024-05-20,cancelled,0
995,1928,1,2024-06-27,2024-07-27,expired,0
996,1929,1,2024-01-19,2024-02-18,cancelled,1
997,1929,2,2024-06-03,2024-09-01,expired,1
998,1933,3,2024-04-01,2024-09-28,expired,0
999,1936,1,2026-04-14,2026-05-14,expired,0
1000,1938,1,2023-05-21,2023-06-20,expired,0
1001,1942,1,2026-05-30,2026-06-29,active,0
1002,1943,2,2025-03-17,2025-06-15,expired,0
1003,1944,1,2025-09-18,2025-10-18,expired,0
1004,1946,1,2026-06-01,2026-07-01,active,1
1005,1947,3,2024-07-10,2025-01-06,expired,0
1006,1951,2,2026-04-14,2026-07-13,active,1
1007,1954,2,2024-06-14,2024-09-12,expired,0
1008,1958,1,2025-04-10,2025-05-10,expired,0
1009,1959,3,2024-04-15,2024-10-12,expired,0
1010,1959,1,2025-02-16,2025-03-18,expired,0
1011,1964,2,2024-08-25,2024-11-23,expired,1
1012,1964,1,2025-05-12,2025-06-11,expired,1
1013,1967,3,2026-05-29,2026-11-25,cancelled,0
1014,1969,3,2023-09-14,2024-03-12,expired,0
1015,1974,3,2025-09-12,2026-03-11,expired,0
1016,1978,3,2026-01-12,2026-07-11,active,0
1017,1980,2,2026-04-27,2026-07-26,active,0
1018,1981,1,2024-10-26,2024-11-25,cancelled,0
1019,1981,2,2025-05-05,2025-08-03,expired,0
1020,1981,3,2025-09-14,2026-03-13,expired,1
1021,1982,1,2026-04-24,2026-05-24,expired,0
1022,1983,1,2025-02-07,2025-03-09,expired,0
1023,1983,1,2025-06-18,2025-07-18,expired,0
1024,1989,1,2024-01-21,2024-02-20,expired,1
1025,1992,2,2026-03-07,2026-06-05,expired,0
1026,1995,1,2025-03-11,2025-04-10,cancelled,0
1027,1995,2,2025-10-19,2026-01-17,cancelled,0
1028,1996,1,2025-01-02,2025-02-01,cancelled,1
1029,2000,1,2026-04-25,2026-05-25,expired,0
1030,2000,1,2026-06-10,2026-07-10,active,0
